id;name;occupation;contained_in_original_file;area
1;Автономная некоммерческая организация Краснодарский центр современного искусства «Типография»;;no;
2;Красноярская региональная общественная организация поддержки и развития альтернативных образовательных технологий и межкультурных коммуникаций «Интерра»;;no;
3;Автономная некоммерческая организация для издания научно-популярной газеты «Троицкий вариант — Наука»;;no;
4;Благотворительный фонд развития филантропии «КАФ»;;no;
5;Автономная некоммерческая экологическая организация «Друзья Балтики»;;no;
6;Региональная национально-культурная общественная организация «Туба калык» (Тубалары);;no;
7;Автономная некоммерческая организация по реализации социально-правовых программ «Лилит»;;no;
8;"Ассоциация по содействию защите прав призывников альтернативнослужащих и военнослужащих «Правозащитная группа „Гражданин.Армия.Право""»";;no;
9;Автономная некоммерческая организация «Нижегородский центр немецкой и европейской культуры»;;no;
10;Ивановская областная общественная организация «Центр гендерных исследований»;;no;
11;"Некоммерческая организация «Фонд защиты прав граждан „Штаб""»";;no;
12;Автономная некоммерческая организация «Институт права и публичной политики»;;no;
13;Некоммерческая организация «Фонд борьбы с коррупцией»;;no;
14;Межрегиональный профессиональный союз работников здравоохранения «Альянс врачей»;;no;
15;"Автономная некоммерческая организация «Центр по работе с проблемой насилия „Насилию.нет""»";;no;
16;Красноярская региональная общественная организация «Мы против СПИДа»;;no;
17;Программно-целевой благотворительный фонд «Свеча»;;no;
18;Санкт-Петербургский благотворительный фонд «Гуманитарное действие»;;no;
19;Межрегиональная общественная организация реализации социально-просветительских инициатив и образовательных проектов «Открытый Петербург»;;no;
20;Фонд содействия правовому просвещению населения «Лига избирателей»;;no;
21;Некоммерческая Организация Фонд «Правовая инициатива»;;no;
22;Некоммерческая организация «Фонд борьбы с коррупцией»;;no;
23;Пензенский региональный общественный благотворительный фонд «Гражданский Союз»;;no;
24;"Общественная организация «Саратовский областной еврейский благотворительный Центр „Хасдей Ерушалаим""» (Милосердие)";;no;
25;Частное учреждение «Центр поддержки и содействия развитию средств массовой информации»;;no;
26;Региональная общественная организация содействия соблюдению прав человека «Горячая Линия»;;no;
27;Фонд «В защиту прав заключённых»;;no;
28;Автономная некоммерческая организация «Институт глобализации и социальных движений»;;no;
29;"Автономная некоммерческая организация противодействия эпидемии вич/спида и охраны здоровья социально-уязвимых групп населения «Центр социально-информационных инициатив „Действие""»";;no;
30;Благотворительный фонд охраны здоровья и защиты прав граждан;;no;
31;Благотворительный фонд помощи осуждённым и их семьям;;no;
32;Городской благотворительный фонд «Фонд Тольятти»;;no;
33;Свердловский региональный общественный фонд социальных проектов «Новое время»;;no;
34;Фонд содействия устойчивому развитию «Серебряная тайга»;;no;
35;Фонд содействия развитию массовых коммуникаций и правовому просвещению «Так-Так-Так»;;no;
36;"Региональная общественная организация содействия просвещению граждан «Информационно-аналитический центр „Сова""»";;no;
37;Региональная общественная организация помощи женщинам и детям находящимся в кризисной ситуации «Информационно-методический центр Анна»;;no;
38;Автономная некоммерческая организация социальной поддержки населения «Проект Апрель»;;no;
39;Региональный благотворительный фонд «Самарская губерния»;;no;
40;Свердловский областной общественный фонд «Эра здоровья»;;no;
41;"Международная общественная организация «Международное историко-просветительское благотворительное и правозащитное общество „Мемориал""»";;no;
42;Автономная некоммерческая организация «Аналитический Центр Юрия Левады»;;no;
43;"Автономная некоммерческая организация «Издательство „Парк Гагарина""»";;no;
44;Фонд содействия защите здоровья и социальной справедливости имени Андрея Рылькова;;no;
45;Благотворительный фонд социально-правовой помощи «Сфера»;;no;
46;"Омская региональная общественная организация «Центр охраны здоровья и социальной защиты „Сибальт""»";;no;
47;Челябинский региональный орган общественной самодеятельности «Уральская правозащитная группа»;;no;
48;Челябинский региональный орган общественной самодеятельности — женское общественное объединение «Женщины Евразии»;;no;
49;"Городская общественная организация «Рязанское историко-просветительское и правозащитное общество „Мемориал"" (Рязанский Мемориал)»";;no;
50;"Городская общественная организация «Екатеринбургское общество „Мемориал""»";;no;
51;Автономная некоммерческая организация «Институт прав человека»;;no;
52;Некоммерческая организация «Фонд защиты гласности»;;no;
53;Региональное общественное учреждение научно-информационный центр «Мемориал»;;no;
54;Союз общественных объединений «Российский исследовательский центр по правам человека»;;no;
55;Автономная некоммерческая организация «Дальневосточный центр развития гражданских инициатив и социального партнёрства»;;no;
56;Фонд «Гражданское действие»;;no;
57;Автономная некоммерческая организация «Центр независимых социологических исследований»;;no;
58;Свердловская региональная общественная организация «Сутяжник»;;no;
59;Негосударственное образовательное учреждение дополнительного профессионального образования (повышение квалификации) специалистов «Академия по правам человека»;;no;
60;Частное учреждение в Калининграде по административной поддержке реализации программ и проектов Совета Министров северных стран;;no;
61;Межрегиональная благотворительная общественная организация «Центр развития некоммерческих организаций»;;no;
62;Региональная общественная благотворительная организация помощи беженцам и мигрантам «Гражданское содействие»;;no;
63;"Автономная некоммерческая организация «Центр антикоррупционных исследований и инициатив „Трансперенси Интернешнл-Р""»";;no;
64;Региональный фонд «Центр защиты прав средств массовой информации»;;no;
65;Некоммерческое партнёрство «Институт развития прессы — Сибирь»;;no;
66;«Частное учреждение в Санкт-Петербурге по административной поддержке реализации программ и проектов Совета Министров Северных Стран»;;no;
67;Межрегиональная общественная организация Информационно-просветительский центр «Мемориал»;;no;
68;Фонд поддержки свободы прессы;;no;
69;Санкт-Петербургская общественная правозащитная организация «Гражданский контроль»;;no;
70;Межрегиональная общественная правозащитная организация «Человек и Закон»;;no;
71;Региональная общественная организация «Общественная комиссия по сохранению наследия академика Сахарова»;;no;
72;Частное учреждение «Информационное агентство Мемо.ру»;;no;
73;Некоммерческое партнерство «Институт региональной прессы»;;no;
74;Фонд «Институт развития свободы информации»;;no;
75;Межрегиональная общественная организация Правозащитный Центр «Мемориал»;;no;
76;Калининградская региональная общественная организация «Экозащита!-Женсовет»;;no;
77;Фонд содействия защите прав и свобод граждан «Общественный вердикт»;;no;
78;Евразийская антимонопольная ассоциация;;no;
79;Томская региональная общественная организация по защите прав и интересов женщин «Женский голос»;;no;
80;Голос Америки;;no;
81;Idel.Реалии;;no;
82;Кавказ.Реалии;;no;
83;Крым.Реалии;;no;
84;Телеканал Настоящее Время;;no;
85;Татаро-башкирская служба Радио Свобода (Azatliq Radiosi);;no;
86;«Радио Свободная Европа/Радио Свобода» (PCE/PC);;no;
87;Сибирь.Реалии;;no;
88;Фактограф;;no;
89;Север.Реалии;;no;
90;Общество с ограниченной ответственностью «Радио Свободная Европа/Радио Свобода»;;no;
91;Чешское информационное агентство «MEDIUM-ORIENT»;;no;
92;Meduza;;no;
93;ООО «Первое антикоррупционное СМИ»;;no;
94;Интернет-ресурс VTimes;;no;
95;The Insider;;no;
96;Общество с ограниченной ответственностью Телеканал Дождь;;no;
97;Юридическое лицо Istories fonds;;no;
98;Общество с ограниченной ответственностью «Альтаир 2021»;;no;
99;Общество с ограниченной ответственностью «Ромашки монолит»;;no;
100;Общество с ограниченной ответственностью «Главный редактор 2021»;;no;
101;Общество с ограниченной ответственностью «Вега 2021»;;no;
102;Общество с ограниченной ответственностью «Важные иноагенты»;;no;
103;Общество с ограниченной ответственностью «ЗП»;;no;
104;Общество с ограниченной ответственностью «Зона права»;;no;
105;Общество с ограниченной ответственностью «ЖУРНАЛИСТ-ИНОСТРАННЫЙ АГЕНТ»;;no;
106;Общество с ограниченной ответственностью «Мемо»;;no;
107;Американская компания «Mason G.E.S. Anonymous Foundation»;;no;
108;Компания «Stichting Bellingcat»;;no;
109;Автономная некоммерческая организация по защите прав человека и информированию населения «Якутия — Наше Мнение»;;no;
110;Общество с ограниченной ответственностью «Москоу диджитал медиа»;;no;
111;Акционерное общество «РС-Балт»;;no;
112;Общество с ограниченной ответственностью «Как бы инагент»;;no;
113;Фонд развития книжной культуры «Иркутский союз библиофилов»;;no;
114;Общество с ограниченной ответственностью «Честные выборы»;;no;
115;Общество с ограниченной ответственностью «Нобелевский призыв»;;no;
116;Общество с ограниченной ответственностью «Данное сообщение»;;no;
117;Общество с ограниченной ответственностью «Номер семьдесят семь»;;no;
118;Общество с ограниченной ответственностью «ЛПНМ»;;no;
119;Общество с ограниченной ответственностью Издательский дом «Новая глава»;;no;
120;Общество с ограниченной ответственностью «Новогодний выпуск»;;no;
121;Общество с ограниченной ответственностью «Процесс 2021»;;no;
122;Deutsche Welle;;no;
123;Общество с ограниченной ответственностью «Апология»;;no;
124;Общество с ограниченной ответственностью «Лиза норм»;;no;
125;Общество с ограниченной ответственностью «Апрельские тезисы»;;no;
126;Общество с ограниченной ответственностью «Первый научный»;;no;
127;Общество с ограниченной ответственностью «Вертолёт и КО»;;no;
128;Общество с ограниченной ответственностью «Иноагент ААВ»;;no;
129;Общество с ограниченной ответственностью «Новости»;;no;
130;Общество с ограниченной ответственностью «Время колокольчиков»;;no;
131;Общество с ограниченной ответственностью «Вольные люди»;;no;
132;Общество с ограниченной ответственностью «Иновещание»;;no;
133;Общество с ограниченной ответственностью «Букмейт Лимитед»;;no;
134;Московский региональный общественный благотворительный фонд «Социальное партнёрство»;;no;
135;Общество с ограниченной ответственностью «Город без преград»;;no;
136;Пономарёв Лев Александрович;правозащитник;yes;правозащитник
137;Савицкая Людмила Алексеевна;журналистка Радио «Свобода»;yes;журналист
138;Маркелов Сергей Евгеньевич;журналист «7x7»;yes;журналист
139;Камалягин Денис Николаевич;главный редактор «Псковской губернии»;yes;Главный редактор
140;Апахончич Дарья Александровна;художница-акционистка;yes;Художник
141;Баданин Роман Сергеевич;главный редактор «Проекта»;yes;Главный редактор
142;Гликин Максим Александрович;журналист «Открытых медиа»;yes;журналист
143;Маняхин Пётр Борисович;журналист «Проекта»;yes;журналист
144;Ярош Юлия Петровна;журналистка «Открытых медиа»;yes;журналист
145;Чуракова Ольга Владимировна;журналистка «Проекта»;yes;журналист
146;Железнова Мария Михайловна;журналистка «Проекта»;yes;журналист
147;Лукьянова Юлия Сергеевна;журналистка «Проекта»;yes;журналист
148;Маетная Елизавета Витальевна;журналистка Радио «Свобода»;yes;журналист
149;Рубин Михаил Аркадьевич;журналист «Проекта»;yes;журналист
150;Гройсман Софья Романовна;журналистка «Проекта»;yes;журналист
151;Рождественский Илья Дмитриевич;журналист «Открытых медиа»;yes;журналист
152;Апухтина Юлия Владимировна;журналистка «Проекта»;yes;журналист
153;Постернак Алексей Евгеньевич;журналист Радио «Свобода»;yes;журналист
154;Петров Степан Юрьевич;руководитель общественного движения «Якутия — Наше Мнение»;yes;Руководитель
155;Шмагун Олеся Валентиновна;журналистка «Важных историй»;yes;журналист
156;Мароховская Алеся Алексеевна;журналистка «Важных историй»;yes;журналист
157;Долинина Ирина Николаевна;журналистка «Важных историй»;yes;журналист
158;Шлейнов Роман Юрьевич;журналист «Важных историй»;yes;журналист
159;Анин Роман Александрович;главный редактор «Важных историй»;yes;Главный редактор
160;Великовский Дмитрий Александрович;журналист «Важных историй»;yes;журналист
161;Каткова Вероника Вячеславовна;координатор движения «Голос»;yes;Координатор движения
162;Карезина Инна Павловна;координатор движения «Голос»;yes;Координатор движения
163;Кузьмина Людмила Гавриловна;координатор движения «Голос»;yes;Координатор движения
164;Костылева Полина Владимировна;координатор движения «Голос»;yes;Координатор движения
165;Лютов Александр Иванович;координатор движения «Голос»;yes;Координатор движения
166;Жилкин Владимир Владимирович;координатор движения «Голос»;yes;Координатор движения
167;Жилинский Владимир Александрович;координатор движения «Голос»;yes;Координатор движения
168;Тихонов Михаил Сергеевич;координатор движения «Голос»;yes;Координатор движения
169;Пискунов Сергей Евгеньевич;координатор движения «Голос»;yes;Координатор движения
170;Ковин Виталий Сергеевич;член совета «Голос»;yes;Член совета
171;Кильтау Екатерина Викторовна;координатор движения «Голос»;yes;Координатор движения
172;Любарев Аркадий Ефимович;член совета «Голос»;yes;Член совета
173;Гурман Юрий Альбертович;член совета «Голос»;yes;Член совета
174;Грезев Александр Викторович;координатор движения «Голос»;yes;Координатор движения
175;Важенков Артём Валерьевич;координатор движения «Голос»;yes;Координатор движения
176;Иванова София Юрьевна;член совета «Голос»;yes;Член совета
177;Пигалкин Илья Валерьевич;координатор движения «Голос»;yes;Координатор движения
178;Петров Алексей Викторович;координатор движения «Голос»;yes;Координатор движения
179;Егоров Владимир Владимирович;координатор движения «Голос»;yes;Координатор движения
180;Гусев Андрей Юрьевич;координатор движения «Голос»;yes;Координатор движения
181;Смирнов Сергей Сергеевич;главный редактор «Медиазоны»;yes;Главный редактор
182;Верзилов Пётр Юрьевич;издатель «Медиазоны»;yes;Издатель
183;Вольтская Татьяна Анатольевна;журналистка Радио «Свобода»;yes;журналист
184;Клепиковская Екатерина Дмитриевна;журналистка Радио «Свобода»;yes;журналист
185;Сотников Даниил Владимирович;журналист «Дождя»;yes;журналист
186;Захаров Андрей Вячеславович;журналист Би-би-си;yes;журналист
187;Симонов Евгений Алексеевич;журналист Радио «Свобода»;yes;журналист
188;Сурначева Елизавета Дмитриевна;журналистка «Настоящего времени»;yes;журналист
189;Соловьёва Елена Анатольевна;журналистка «Новой газеты»;yes;журналист
190;Арапова Галина Юрьевна;директор «Центра защиты прав СМИ»;yes;Директор
191;Перл Роман Александрович;журналист «Настоящего времени»;yes;журналист
192;Заговора Максим Александрович;адвокат, сотрудник «Команды 29»;yes;Адвокат
193;Ветошкина Валерия Валерьевна;адвокат, сотрудница «Команды 29»;yes;Адвокат
194;Павлов Иван Юрьевич;адвокат, руководитель «Команды 29»;yes;Адвокат
195;Скворцова Елена Сергеевна;адвокат, сотрудница «Команды 29»;yes;Адвокат
196;Оленичев Максим Владимирович;адвокат, сотрудник «Команды 29»;yes;Адвокат
197;Кочетков Игорь Викторович;сооснователь «Российской ЛГБТ-сети»;yes;Сооснователь
198;Еланчик Олег Александрович;главный редактор «Sota.Vision»;yes;Главный редактор
199;Григорьева Алина Александровна;журналистка «Idel.Реалии»;yes;журналист
200;Григорьев Андрей Валерьевич;журналист «Idel.Реалии»;yes;журналист
201;Гималова Регина Эмилевна;журналистка «Idel.Реалии»;yes;журналист
202;Хисамова Регина Фаритовна;журналистка «Idel.Реалии»;yes;журналист
203;Гельман Марат Александрович;публицист, галерист;yes;Публицист, галерист
204;Шендерович Виктор Анатольевич;публицист;yes;Публицист
205;Беляев Иван Михайлович;журналист Радио «Свобода»;yes;журналист
206;Владыкина Елена Сергеевна;журналистка Радио «Свобода»;yes;журналист
207;Бекбулатова Таисия Львовна;главный редактор «Холода»;yes;Главный редактор
208;Толоконникова Надежда Андреевна;активистка «Pussy Riot»;yes;Активист
209;Никульшина Вероника Юрьевна;активистка «Pussy Riot»;yes;Активист
210;Алексеев Андрей Викторович;кинопрокатчик;yes;Кинопрокатчик
211;Агеева (Айнбиндер) Александра Александровна;учредитель интернет-издания Sota.Vision;yes;Учредитель
212;Голубева Анна Львовна;руководительница центра «Ресурс ЛГБТКИА Москва»;yes;Руководитель
213;Константинова Алла Михайловна;корреспондентка «Медиазоны»;yes;Корреспондент
214;Борзунова Мария Михайловна;журналистка «Дождя»;yes;журналист
215;Мурадов Мурад Абдулгалимович;журналист еженедельника «Новое дело»;yes;журналист
216;Малкова Ирина Владимировна;главный редактор интернет-издания «The Bell»;yes;Главный редактор
217;Осетинская Елизавета Николаевна;журналистка, основательница интернет-издания «The Bell»;yes;журналист, основатель издания
218;Понасенков Евгений Николаевич;историк, публицист, видеоблогер;yes;Историк, публицист, блогер
219;Воробьёв Виктор Викторович;оппозиционный политик, депутат Государственного Совета Республики Коми VII созыва;yes;Политик, депутат
220;Дрёмин Иван Тимофеевич;рэп-исполнитель, певец;yes;Исполнитель, певец
221;Борухович (Тумакова) Ирина Григорьевна;журналистка интернет-издания «Новая газета»;yes;журналист
222;Фейгин Марк Захарович;политический деятель, журналист;yes;Политический деятель, журналист
223;Маяковская Екатерина Алексеевна;журналистка, волонтёр движения «Голос»;yes;журналист, волонтер
224;Филимонов Андрей Викторович;журналист Радио «Свобода», Сибирь.Реалии;yes;журналист
225;Дубровский Дмитрий Викторович;гражданский активист, исследователь, эксперт;yes;Активист, исследователь, эксперт
226;Дзугкоева Регина Николаевна;руководительница движения «Маяк»;yes;Руководитель
227;Шаинян Карен Багратович;ЛГБТ-видеоблогер;yes;блогер
228;Шульман Екатерина Михайловна;политолог, публицист;yes;Политолог, публицист
229;Сабунаева Мария Леонидовна;ЛГБТ-психолог, писательница;yes;психолог, писатель
230;Семёнов Алексей Владимирович;писатель, бывший обозреватель «Псковской губернии»;yes;Писатель
231;Дудь Юрий Александрович;видеоблогер, журналист;yes;блогер, журналист
232;Кругликов Кирилл Игоревич;журналист интернет-издания «Такие дела»;yes;журналист
233;Доброхотов Роман Александрович;главный редактор «The Insider»;yes;Главный редактор
234;Ёлкин Сергей Владимирович;художник-карикатурист;yes;Художник
235;Вахштайн Виктор Семёнович;социолог, главный редактор журнала «Социология власти»;yes;Социолог
236;Сироткин Ярослав Николаевич;гражданский и ЛГБТ-активист, член ЛГБТ-движения «Каллисто»;yes;Активист, член ЛГБТ-движения
237;Пархоменко Сергей Борисович;журналист;yes;журналист
238;Асафьев Артур Валерьевич;журналист Радио «Свобода»;yes;журналист
239;Невзоров Александр Глебович;журналист;yes;журналист
240;Лушникова Екатерина Евгеньевна;журналист Радио «Свобода»;yes;журналист
241;Венедиктов Алексей Алексеевич;главный редактор «Эхо Москвы»;yes;Главный редактор
242;Воронов Владимир Владимирович;журналист Радио «Свобода»;yes;журналист
243;Милов Владимир Станиславович;политик, экономист;yes;Политик, экономист
244;Кагарлицкий Борис Юльевич;социолог, публицист;yes;Социолог, публицист
245;Гозман Леонид Яковлевич;психолог, активист;yes;Психолог, активист
246;Соболь Любовь Эдуардовна;политик;yes;Политик
247;Климарев Михаил Валерьевич;IT-эксперт, активист;yes;IT-эксперт, активист
248;Баранова Наталья Владимировна;контент-директор «Теплицы социальных технологий»;yes;контент-директор
249;Константинов Денис Владимирович;главный редактор «Орловских новостей»;yes;Главный редактор
250;Соколов Михаил Владимирович;журналист Радио «Свобода», историк, радиоведущий, политический обозреватель;yes;журналист, историк, ведущий, политический обозреватель
251;Пивоваров Алексей Владимирович;журналист, блогер;yes;журналист, блогер
252;Цветкова Юлия Владимировна;художница, активистка;yes;Художник, активист
253;Кашин Олег Владимирович;политический журналист, публицист, обозреватель и писатель;yes;журналист, публицист, обозреватель, писатель
254;Петров Николай Владимирович;политолог, политгеограф;yes;Политолог, политгеограф
255;Данилович Ирина Брониславовна;активистка;yes;Активист
256;Алешковский Дмитрий Петрович;общественный деятель, журналист;yes;Общественный деятель, журналист
257;Быков Дмитрий Львович;писатель, публицист;yes;Писатель, публицист
258;Альбац Евгения Марковна;журналистка;yes;журналист
259;Федоров Кирилл Владимирович;психолог, правозащитник;yes;Психолог, правозащитник
260;Мартынов Кирилл Константинович;главный редактор «Новой газеты. Европа», публицист;yes;Главный редактор, публицист
261;Лойко Сергей Леонидович;журналист;yes;журналист
262;Галямина Юлия Евгеньевна;политик;yes;Политик
263;Шац Михаил Григорьевич;шоумен, телеведущий;yes;Шоумен, ведущий
264;Медведев Сергей Александрович;политолог;yes;Политолог
265;Соловей Валерий Дмитриевич;историк, политолог;yes;Историк, политолог
266;Шукаева Елена Викторовна;журналистка Радио «Свобода»;yes;журналист
267;Афанасьев Андрей Андреевич;журналист Радио «Свобода» и Sotaproject;yes;Журналист
268;Ясавеев Искэндэр Габдрахманович;социолог, колумнист «Idel.Реалии», активист;yes;Социолог, колумнист, активист
269;Балтатарова Евгения Семеновна;журналистка, общественный деятель;yes;Журналист, общественный деятель
270;Глуховский Дмитрий Алексеевич;писатель;yes;Писатель
271;Жадаев Иван Алексеевич;журналист, бывший редактор «МБХ-Медиа»;yes;Журналист, редактор
272;Харатьян Кирилл Евгеньевич;журналист, преподаватель РАНХиГС;yes;Журналист, преподаватель
273;Рувинский Владимир Владимирович;журналист, бывший главный редактор сайта «Эха Москвы»;yes;Журналист, главный редактор
274;Куцылло Вероника Иосифовна;журналист, бывший главный редактор «МБХ медиа»;yes;Журналист, главный редактор
275;Долин Антон Владимирович;кинокритик;yes;Кинокритик
276;Телегина Наталия Геннадьевна;журналистка;yes;журналист
277;Зыгарь Михаил Викторович;писатель, журналист;yes;Писатель, журналист
278;Докучаев Алексей Алексеевич;основатель издательства Individuum;yes;Основатель издательства
279;Баев Андрей Сергеевич;директор сервиса Bookmate;yes;Директор
280;Биккинин Ирек Дамирович;журналист, общественный деятель;yes;Журналист, общественный деятель
281;Колезев Дмитрий Евгеньевич;журналист, главред «Republic»;yes;Журналист, главный редактор
282;Барабашова Любовь Григорьевна;журналистка «Радио Свобода», «Сибирь. Реалии»;yes;журналист
283;Киселёв Евгений Алексеевич;журналист;yes;Журналист
284;Ганапольский Матвей Юрьевич;журналист;yes;Журналист
285;Волков Леонид Михайлович;политик;yes;Политик
286;Кара-Мурза Владимир Владимирович;политик;yes;Политик
287;Моргенштерн Алишер Тагирович;рэп-, поп- и рок-исполнитель, музыкант, шоумен;yes;Исполнитель, музыкант, шоумен
288;Ходорковский Михаил Борисович;общественный и политический деятель, предприниматель;yes;Общественный деятель, Политический деятель, предприниматель
289;Каспаров Гарри Кимович;политик, шахматист;yes;Политик, шахматист
290;Чичваркин Евгений Александрович;предприниматель;yes;Предприниматель
291;Шаведдинов Руслан Табризович;политический и общественный деятель;yes;Политический деятель, общественный деятель
292;Яшин Илья Валерьевич;политик, общественный деятель;yes;Политик, общественный деятель
293;Кац Максим Евгеньевич;блогер, политик, общественный деятель;yes;Блогер, Политик, общественный деятель
294;Белоцерковская Вероника Борисовна;журналист, блогер;yes;журналист, блогер
295;Лазарева Татьяна Юрьевна;актриса, телеведущая, общественный деятель;yes;Актер, ведущий, общественный деятель, 
296;Гордон Дмитрий Ильич;журналист;yes;Журналист
297;Гордеева Катерина Владимировна;журналистка;yes;журналист
298;Жданов Иван Юрьевич;общественный деятель, юрист;yes;Общественный деятель, юрист
299;Зимин Борис Дмитриевич;общественный деятель, предприниматель;yes;Общественный деятель, предприниматель
300;Макаревич Андрей Вадимович;певец;yes;Певец
301;Крашенинников Фёдор Геннадиевич;политолог;yes;Политолог
302;Латынина Юлия Леонидовна;журналистка, публицист;yes;журналист, публицист
303;Эйдельман Тамара Натановна;историк, блогер;yes;Историк, блогер
304;Наки Майкл Сидней;блогер, журналист;yes;Блогер, журналист
305;Галкин Максим Александрович;артист;yes;Артист
306;Иванов Дмитрий Сергеевич;блогер;yes;Блогер
307;Кушнарь Александр Александрович;журналист;yes;Журналист
308;Кен Даниил Олегович;глава профсоюза «Альянс учителей»;yes;Глава профсоюза
309;Цимбалюк Роман Владимирович;журналист;yes;Журналист
310;Литвин Богдан Геннадьевич;активист, координатор движения «Весна»;yes;Активист, координатор движения
311;Мартыненко Тимофей Сергеевич;активист движения «Весна»;yes;Активист
312;Фёдоров Мирон Янович;рэп-исполнитель;yes;Исполнитель
313;Сторожева Ирина Владимировна;журналистка, активистка;yes;журналист, активист
314;Попова Алёна Владимировна;активистка, общественный деятель;yes;активист, общественный деятель
315;Низовцев Дмитрий Александрович;ведущий ютьюб-канала команды Навального «Популярная политика»;yes;Ведущий
316;Ярмыш Кира Александровна;общественный деятель, пресс-секретарь Алексея Навального;yes;Общественный деятель
317;Дзядко Тихон Викторович;журналист, главный редактор телеканала «Дождь»;yes;Журналист, главный редактор
318;Габбасов Руслан Салаватович;башкирский национальный и политический деятель, экоактивист;yes;Политический деятель, экоактивист
319;Кочкин Семён Александрович;юрист, правозащитник, экс-координатор Чебоксарского штаба Навального;yes;Юрист, правозащитник, координатор
320;Шуманов Илья Вячеславович;глава «Трансперенси Интернешнл — Россия»;yes;Глава
321;Пономарёв Илья Владимирович;политический деятель;yes;Политический деятель
322;Роднянский Александр Ефимович;режиссёр, продюсер;yes;Режиссер, продюсер
323;Шадрина (Фельгенгауэр) Татьяна Владимировна;журналистка, ведущая радио- и ютуб-программ;yes;Журналист, ведущий
324;Босов Катерина Евгеньевна;вдова бизнесмена Дмитрия Босова;yes;
325;Плющев Александр Владимирович;журналист, ведущий радио- и ютуб-программ;yes;Журналист, ведущий
326;Котрикадзе Екатерина Бесикиевна;журналистка, ведущая радио- и ютуб-программ;yes;Журналист, ведущий
327;Беньяш Михаил Михайлович;адвокат;yes;Адвокат
328;Синдеева Наталья Владимировна;журналистка, ведущая радио- и ютуб-программ;yes;Журналист, ведущий
329;Березовец Тарас Валерьевич;журналист, ведущий радио- и ютуб-программ;yes;Журналист, ведущий
330;Яковина Иван Викторович;журналист, политический обозреватель;yes;Журналист, политический обозреватель
331;Роменский Владимир Андреевич;журналист, ведущий радио- и ютуб-программ;yes;Журналист, ведущий
332;Карпук (Левиев) Руслан Леонидович;сооснователь Conflict Intelligence Team;yes;Сооснователь
333;Мальцев Вячеслав Вячеславович;видеоблогер;yes;Блогер
334;Шихман Ирина Юрьевна;журналистка, видеоблоггер;yes;журналист, блогер
335;Алексеев Иван Александрович;музыкант, рэп-рок-исполнитель;yes;Музыкант, исполнитель
336;Заякин Андрей Викторович;общественный деятель, журналист, сооснователь «Диссернет»;yes;Общественный деятель, журналист, сооснователь
337;Усанова Олимпиада Валентиновна;правозащитница;yes;правозащитник
338;Светов Михаил Владимирович;блогер, основатель SVTV News;yes;Блогер, основатель
339;Телин Фёдор Алексеевич;бывший волонтёр штаба Навального в Уфе;yes;Волонтер
340;Ковин Виталий Сергеевич;координатор движения наблюдателей «Голос»;yes;Координатор движения
341;Новиков Илья Сергеевич;адвокат;yes;Адвокат
342;Монгайт Анна Викторовна;журналистка, телеведущая, продюсер;yes;Журналист, ведущий, продюсер
343;Ройзман Евгений Вадимович;политик, общественный деятель;yes;Политик, общественный деятель
344;Гармажапова Александра Цыреновна;глава антивоенного фонда «Свободная Бурятия»;yes;
345;Общероссийское общественное движение в защиту прав избирателей «Голос»;;no;
346;Медиапроект «ОВД-Инфо»;;no;
347;Межрегиональное общественное движение «Российская ЛГБТ-сеть»;;no;
348;Дальневосточное общественное движение «Маяк»;;no;
349;Санкт-Петербургская ЛГБТ-инициативная группа «Выход»;;no;
350;Инициативная группа ЛГБТ+ «Реверс»;;no;
351;Московский комьюнити-центр для ЛГБТ+ инициатив;;no;
352;Комитет против пыток;;no;
353;«Ресурсный центр для ЛГБТ»;;no;
354;Движение «Весна»;;no;
355;Транс-инициативная группа «Т-Действие»;;no;
356;Аскеров Ровшан Энвер оглы;журналист, знаток телевизионной игры «Что? Где? Когда?»;yes;Журналист
357;Экологическое движение «42»;;no;
358;Апресян Рубен Грантович;философ;yes;Философ
359;Фишман Михаил Владимирович;журналист;yes;журналист
360;Мурзагулов Ростислав Рафкатович;политолог, политтехнолог, журналист, писатель;yes;Политолог, политтехнолог, журналист, писатель
361;The Bell;;no;
362;Региональная общественная организация «Экологическая вахта Сахалина»;;no;
363;Автономная некоммерческая организация «Центр сохранения и изучения лососёвых видов рыб и мест их обитания»;;no;
364;Самарская общественная организация ЛГБТ+ «Ирида»;;no;
365;Таратута Юлия Леонидовна;журналистка, главред «Wonderzine»;yes;Журналист, главный редактор
366;Тютрин Иван Иванович;журналист, оппозиционный политик и общественный деятель;yes;Журналист, политик, общественный деятель
367;Любимов Дмитрий Александрович;журналист;yes;Журналист
368;Давыдов Дмитрий Викторович;бизнесмен;yes;Бизнесмен
369;Грязневич Наталья Владимировна;депутат;yes;Депутат
370;Жвик Анастасия Николаевна;журналистка;yes;Журналист
371;Ганнушкина Светлана Алексеевна;правозащитница;yes;правозащитник
372;Пьяных Глеб Валентинович;журналист, телеведущий, видеоблогер;yes;Журналист, ведущий, блогер
373;Колесников Андрей Владимирович;журналист, политолог;yes;Журналист, политолог
374;Автономная некоммерческая организация социально-спортивных программ «Спортивное ЛГБТ-сообщество»;;no;
375;Anti-Corruption Foundation Inc.;;no;
376;«Феминистское Антивоенное Сопротивление»;;no;
377;Общественная организация «Роскомсвобода»;;no;
378;Троицкий Артемий Кивович;журналист;yes;журналист
379;Смольянинов Артур Сергеевич;актёр;yes;Актер
380;Кирсанов Сергей Владимирович;бывший священник;yes;Священник
381;Фурсов Анатолий Владимирович;юрист;yes;Юрист
382;Ухов Сергей Анатольевич;создатель регионального медиа «Пермь 36,6», экс-координатор штаба Навального в Пермском крае;yes;Создатель медиа, координатор
383;Шелест Александр;журналист;yes;журналист
384;Общество с ограниченной ответственностью «ТЕНЕС»;;no;
385;Гырдымова Елизавета Андреевна;певица, музыкант, композитор и автор песен под псевдонимом «Монеточка»;yes;Певец, музыкант, композитор
386;Осечкин Владимир Валерьевич;правозащитник, основатель общественного проекта «Гулагу-нет!»;yes;правозащитник, основатель проекта
387;Устимов Антон Михайлович;видеоблогер под псевдонимом «Антон Пикули»;yes;Блогер
388;Яганов Ибрагим Хасанбиевич;политический и общественный деятель;yes;Политический деятель, общественный деятель
389;Харченко Вадим Михайлович;блогер;yes;блогер
390;Беседина Дарья Станиславовна;урбанист, депутат Московской городской Думы VII созыва;yes;Урбанист, депутат
391;Проект для трансгендерных людей и их близких «T9 NSK»;;no;
392;Прусикин Илья Владимирович;музыкант, лидер группы Little Big;yes;Музыкант
393;Агумава Фидель Эдуардович;журналист;yes;Журналист
394;Омбадыков Эрдни Басан;президент Объединения буддистов Калмыкии;yes;Президент обьединения
395;Кашапов Рафис Рафаилович;правозащитник;yes;правозащитник
396;Серенко Дарья Андреевна;общественная деятельница, акционистка, поэтесса и художница;yes;Общественный деятель, поэт, художник
397;Общество с ограниченной ответственностью «Философия ненасилия»;;no;
398;Фонд развития цифровых прав;;no;
399;Мезерин Павел Владимирович;политолог, аналитик, журналист, координатор движения «Свободная Ингрия»;yes;Политолог, аналитик, журналист, координатор движения
400;Соболев Николай Юрьевич;видеоблогер, писатель, бизнесмен и певец;yes;блогер, писатель, бизнесмен, певец
401;Макашенец Александр Юрьевич;журналист;yes;журналист
402;Дудко Екатерина Артуровна;писательница под псевдонимом «Катерина Сильванова»;yes;Писатель
403;Прокашева Елена Владимировна;писательница под псевдонимом «Елена Малисова»;yes;Писатель
404;Рамазанова Земфира Талгатовна;рок-певица, музыкант под псевдонимом «Земфира»;yes;Певец, музыкант
405;Гудков Дмитрий Геннадьевич;политик;yes;Политик
406;Галлямов Аббас Радикович;политолог;yes;Политолог
407;Намазбаева Татьяна Валерьевна;активистка;yes;Активист
408;Асланян Сергей Степанович;журналист;yes;журналист
409;Шпилькин Сергей Александрович;физик, электоральный статистик;yes;Физик
410;Ривина Анна Валерьевна;общественный деятель;yes;Общественный деятель
411;Казанцева Александра Николаевна;общественный деятель;yes;Общественный деятель
412;Зубов Андрей Борисович;историк, философ;yes;Историк, философ
413;Школа свободной общественной мысли «Возрождение»;;no;
414;Лошак Андрей Борисович;журналист;yes;Журналист
415;Всемирный фонд дикой природы;;no;
416;Фонд «Свободная Бурятия»;;no;
417;Губарев Данил Евгеньевич;журналист;yes;Журналист
418;Гуриев Сергей Маратович;экономист;yes;Экономист
419;Гершензон Лев Михайлович;медиа-менеджер;yes;Медиа-менеджер
420;Гудков Геннадий Владимирович;политик;yes;Политик
421;Водвуд Вераника Сергеевна;блогер-феминистка под псевдонимом «nixelpixel»;yes;Блогер
422;Варламов Илья Александрович;видеоблогер, журналист, общественный деятель;yes;блогер, журналист, общественный деятель
423;Парни Плюс/Парни+;;no;
424;Чиков Павел Владимирович;юрист, правозащитник и общественный деятель;yes;Юрист, правозащитник, общественный деятель
425;Айсин Руслан Валерьевич;политолог, общественный деятель;yes;Политолог, общественный деятель
426;Лада-Русь Светлана Михайловна;общественный деятель;yes;Общественный деятель
427;Бакалейко Богдан Владимирович;журналист;yes;журналист
428;Покровский Максим Сергеевич;певец, композитор, автор песен, актёр театра и кино;yes;Певец, композитор, актер
429;Бойко Сергей Андреевич;общественный и политический деятель;yes;Общественный деятель, Политический деятель
430;Чентемиров Георгий Ростиславович;журналист;yes;журналист
431;«Теплица социальных технологий»;;no;
432;Альянс гетеросексуалов и ЛГБТ за равноправие;;no;
433;«Настоящая Россия»;;no;
434;Общество с ограниченной ответственностью «Хроникёр»;;no;
435;Бабченко Аркадий Аркадьевич;журналист;yes;Журналист
436;Слепаков Семён Сергеевич;комедийный актёр, сценарист, продюсер, поэт, певец, музыкант и автор-исполнитель песен;yes;Актер, сценарист, продюсер, поэт, певец, музыкант, исполнитель
437;Яковенко Игорь Александрович;журналист, социолог;yes;журналист, социолог
438;Мунтян Павел Андреевич;мультипликатор, продюсер, сценарист, создатель анимационного сериала Mr. Freeman;yes;мультипликатор, продюсер, сценарист
439;Каныгин Павел Юрьевич;журналист и репортёр-расследователь;yes;журналист
440;Фонд Карнеги за международный мир;;no;
441;Издание «Агентство»;;no;
442;Интернет-издание «Полигон»;;no;
443;«Радужная ассоциация»;;no;
444;Грозев Христо;журналист-расследователь, медиаэксперт и медиаинвестор;yes;Журналист
445;Севец-Ермолина Наталья Фёдоровна;журналист, блогер;yes;журналист, блогер
446;Вихарева Эльвира Владимировна;журналист, блогер;yes;журналист, блогер
447;Автономная некоммерческая правозащитная организация «Школа призывника»;;no;
448;Журналистский проект «Адвокатская улица»;;no;
449;Матвеев Ян Андреевич;политолог;yes;Политолог
450;Осовцов Александр Авраамович;политический деятель;yes;Политический деятель
451;Преображенский Иван Сергеевич;политолог;yes;Политолог
452;Албуров Георгий Валентинович;политический и общественный деятель, блогер;yes;Политический деятель, общественный деятель, блогер
453;Максакова-Игенбергс Мария Петровна;оперная певица;yes;Певец
454;Певчих Мария Константиновна;журналист-расследователь;yes;журналист
455;Пастухов Владимир Борисович;политолог, публицист и юрист;yes;Политолог, публицист, юрист
456;Агафонова Елена Владимировна;доярка, правозащитница;yes;правозащитник
457;«Кризисная группа СК SOS» (North Caucasus SOS Crisis Group);;no;
458;Общество с ограниченной ответственностью «ТАЙГА ИНФО»;;no;
459;Женское общественно-политическое движение «Мягкая сила»;;no;
460;Общественная организация «Санкт-Петербургский Русский ПЕН-клуб»;;no;
461;Бортник Егор Михайлович;рок-музыкант, поэт, вокалист и гитарист под псевдонимом «Лёва Би-2»;yes;Музыкант, поэт
462;Аллеман Ирина Владимировна;журналист, блогер;yes;журналист, блогер
463;Иноземцев Владислав Леонидович;экономист, социолог и политический деятель;yes;Экономист, социолог, общественный деятель
464;Чернышов Сергей Андреевич;директор ООО «Новоколледж», учредитель АНО ПО «Новоколледж»;yes;Директор, учредитель
465;Архипова Александра Сергеевна;антрополог;yes;Антрополог
466;Габуев Александр Тамерланович;востоковед;yes;Востоковед
467;Пшеничная Анна Эдуардовна;журналистка;yes;Журналист
468;Цуканова Ольга Викторовна;лидер движения «Совет матерей и жён»;yes;Лидер движения
469;«Общенародный Союз Возрождения России»;;no;
470;«Совет матерей и жён»;;no;
471;Гаджиев Магомед Тажудинович;политический и общественный деятель. Депутат Государственной Думы IV, V, VI и VII созывов;yes;Политический деятель, общественный деятель, депутат
472;Супер Роман Владимирович;журналист;yes;Журналист
473;Орешкин Дмитрий Борисович;политолог;yes;Политолог
474;Кузахметов Максим Рафикович;историк;yes;Историк
475;Издание «Проект»;;no;
476;Общество с ограниченной ответственностью «ЯРНОВОСТИ»;;no;
477;Шлосберг Лев Маркович;общественный и политический деятель;yes;Общественный деятель, Политический деятель
478;Алексашенко Сергей Владимирович;экономист;yes;Экономист
479;Манский Виталий Всеволодович;режиссёр документального кино;yes;Режиссер
480;Прокопьева Светлана Владимировна;журналистка;yes;Журналист
481;Информационный портал «ВЕСЬМА»;;no;
482;Фонд «Свободная Якутия»;;no;
483;Парамонова Юлия Борисовна;журналистка проекта «Север.Реалии»;yes;Журналист
484;Невзлин Леонид Борисович;предприниматель и общественный деятель;yes;Предприниматель, общественный деятель
485;Колмановский Илья Александрович;научный журналист, популяризатор науки;yes;Журналист
486;Лобанов Михаил Сергеевич;учёный-математик, общественный деятель;yes;Ученый, общественный деятель
487;Боварь Виталий Викторович;оппозиционный политик, экс-замглавы МО Владимирский округ (Санкт-Петербург);yes;Политик
488;Латыпов Роберт Рамилевич;общественный деятель, председатель пермского отделения международного общества «Мемориал»;yes;Общественный деятель
489;Белик Александр Еленович;юрист, правозащитник, координатор «Движения сознательных отказчиков»;yes;Юрист, правозащитник, координатор
490;Ступин Евгений Викторович;оппозиционный политик, депутат Московской городской Думы VII созыва;yes;Политик, депутат
491;«Движение сознательных отказчиков»;;no;
492;Комьюнити-центр «Действие»;;no;
493;Гребенщиков Борис Борисович;поэт, рок-музыкант, композитор, певец, основатель и лидер рок-группы «Аквариум»;yes;Поэт, музыкант, композитор, певец
494;Тимонов Михаил Леонидович;оппозиционный политик, депутат Московской городской Думы VII созыва;yes;Политик, депутат
495;Морев Андрей Зиновьевич;оппозиционный политик, экс-глава муниципального округа Якиманка (Москва);yes;политик, глава округа
496;Гольдшмидт Филипп (Пинхас);бывший главный раввин Москвы;yes;Раввин
497;Горпинченко Алексей Вячеславович;журналист;yes;Журналист
498;Караулов Андрей Викторович;журналист, телеведущий;yes;Журналист, ведущий
499;Автономная некоммерческая общеобразовательная организация «Англо-американская школа Москвы»;;no;
500;Сетевое издание Sota.Vision;;no;
501;Издание «Бумага»;;no;
502;Боровой Константин Натанович;политик, предприниматель;yes;Политик, предприниматель
503;Козырев Михаил Натанович;журналист, музыкальный критик, продюсер;yes;Журналист, критик, продюсер
504;Суляндзига Павел Васильевич;общественный активист;yes;Активист
505;Литвинов Александр Сергеевич;журналист;yes;Журналист
506;«Центр Т»;;no;
507;Общественная организация «Омское гражданское объединение»;;no;
508;Автономная некоммерческая организация содействия улучшению качества жизни людей из групп социального риска «Право каждого»;;no;
509;Интернет-журнал и медиаплатформа «7х7 — Горизонтальная Россия»;;no;
510;Общество с ограниченной ответственностью «Три «Ч»;;no;
511;Общество с ограниченной ответственностью «БИТРЭЙ»;;no;
512;Пионтковский Андрей Андреевич;математик, политолог, публицист;yes;математик, политолог, публицист
513;Сотникова Татьяна Александровна;писательница под псевдонимом «Анна Берсенева»;yes;Писатель
514;Горалик Линор-Джулия (Горалик Юлия Борисовна);писательница, поэтесса, переводчица, автор комикс-стрипов;yes;Писатель, поэт, переводчик
515;Кривенко Сергей Владимирович;член правления Международного общества «Мемориал», директор Правозащитной группы «Гражданин. Армия. Право».;yes;Член правления, директор
516;Илларионов Андрей Николаевич;экономист и политик, общественный деятель;yes;Экономист, политик, общественный деятель
517;Кондакова Саргылана Константиновна;преподаватель, соосновательница фонда «Свободная Якутия»;yes;Преподаватель, сооснователь
518;Довданов Владимир Анатольевич;помощник депутата Государственной Думы;yes;Помощник депутата
519;Крутихин Михаил Иванович;филолог, журналист, историк, нефтегазовый аналитик;yes;Филолог, журналист, историк, аналитик
520;Дымарский Виталий Наумович;публицист, переводчик и педагог, журналист, радио- и телеведущий, колумнист;yes;публицист, переводчик, педагог, журналист, ведущий, колумнист
521;Рогов Кирилл Юрьевич;политолог, филолог и журналист;yes;Политолог, филолог, журналист
522;Эггерт Константин Петрович;журналист, публицист, обозреватель;yes;журналист, публицист, обозреватель
523;Кочесоков Мартин Хусенович;глава черкесской общественной организации «Хабзэ»;yes;Глава организации
524;Штефанов Александр Андреевич;историк, видеоблогер;yes;Историк, блогер
525;Проект My Russian Rights;;no;
526;Интернет-издание «Довод»;;no;
527;Муратов Дмитрий Андреевич;журналист, правозащитник;yes;Журналист, правозащитник
528;Белый Руслан Викторович;комик, юморист;yes;Комик, юморист
529;Радзинский Олег Эдвардович;финансист, писатель, банкир;yes;Финансист, писатель, банкир
530;Баршева Оксана Андреевна;журналист под псевдонимом «Ксения Ларина»;yes;Журналист
531;Резник Максим Львович;политик;yes;Политик
532;Сонин Константин Исаакович;экономист;yes;Экономист
533;Карпов Евгений Вячеславович;воронежский активист;yes;Активист
534;Катаев Денис Сергеевич;журналист;yes;Журналист
535;Вачагаев Майрбек Момуевич;историк, политический деятель;yes;Историк, политический деятель
536;Антивоенное этническое движение «Новая Тыва» (New Tuva);;no;
537;Котляров Владимир Андреевич;музыкант, вокалист группы «Порнофильмы»;yes;Музыкант, исполнитель
538;Митрохин Николай Александрович;социолог, историк-советолог, публицист;yes;Социолог, историк, публицист
539;Шакиров Мумин Шакирович;кинорежиссёр и журналист;yes;Режиссер, журналист
540;Мальгин Андрей Викторович;журналист, литературовед, литературный критик;yes;журналист, литературовед, литературный критик
541;Пелевина Наталья Владиславовна;политический деятель, член федерального политсовета партии ПАРНАС;yes;Политический деятель
542;Подольская Ольга Валерьевна;депутат;yes;Депутат
543;Белковский Станислав Александрович;политический технолог, публицист и радиоведущий;yes;Технолог, публицист, ведущий
544;Фёдоров Юрий Евгеньевич;военный политолог, физик;yes;Политолог, физик
545;Седов Кирилл Вадимович;журналист;yes;Журналист
546;Шепелин Илья Андреевич;журналист, телеведущий;yes;Журналист, ведущий
547;Кочегин Евгений Сергеевич;экс-координатора штаба Алексея Навального в Волгограде;yes;Координатор
548;Сидельников Андрей Александрович;лидер российского молодёжного движения «Пора»;yes;Лидер движения
549;Малаховская Елена Владимировна;журналистка;yes;Журналист
550;Доможиров Евгений Валерьевич;экс-депутат Заксобрания Вологодской области;yes;Депутат
551;Рудакова Диана Борисовна;экс-глава тамбовского штаба Навального;yes;Глава штаба
552;Рудой Андрей Владимирович;политический деятель, левый блогер;yes;Политический деятель, блогер
553;Жуковский Владислав Сергеевич;экономист, биржевой и финансовый аналитик;yes;Экономист, финансовый аналитик
554;Муждабаев Айдер Иззетович;заместитель генерального директора первого крымскотатарского телеканала «ATR» и член Союза крымских татар;yes;
555;Вотановский Виталий Викторович;краснодарский активист;yes;Активист
556;Ковальченко Сергей Владимирович;журналист;yes;Журналист
557;Романова Ольга Евгеньевна;журналистка, теле- и радиоведущая;yes;Журналист, ведущий
558;Волобуев Игорь Михайлович;бывший вице-президент Газпромбанка;yes;Вице-президент
559;Курманакаев Анвар Мусабиевич;активист Ногайского национального политического центра в изгнании;yes;Активист
560;Косыгин Илья Евгеньевич;главный редактор издания «Довод»;yes;Главный редактор
561;Кунадзе Георгий Фридрихович;экс-замминстра иностранных дел России;yes;Заместитель министра
562;Савва Михаил Валентинович;политолог;yes;Политолог
563;Общество с ограниченной ответственностью «Новогодний выпуск 2023»;;no;
564;Общество с ограниченной ответственностью «ТРАНСМИССИЯ»;;no;
565;Качур Кирилл Витальевич;юрист;yes;Юрист
566;Губин Дмитрий Павлович;журналист;yes;Журналист
567;Еловский Дмитрий Сергеевич;журналист;yes;журналист
568;Солдатов Андрей Алексеевич;главный редактор сайта Agentura.ru;yes;Главный редактор
569;Снеговая Мария Владиславовна;политолог;yes;Политолог
570;Малов Алексей Владимирович;экс-депутат Гдовского районного собрания Псковской области;yes;Депутат
571;Колдобский (Шелин) Сергей Григорьевич;журналист;yes;Журналист
572;Проект «Гроза»;;no;
573;«Кедр.медиа»;;no;
574;Общество с ограниченной ответственностью «Команда против пыток»;;no;
575;Никандров Марат Игоревич;блогер;yes;Блогер
576;Троянова Яна Александровна;актриса;yes;Актер
577;Морозов Александр Олегович;политолог;yes;Политолог
578;Бер Илья Леонидович;журналист-фактчекер, бывший редактор игры «Кто хочет стать миллионером», основатель проверено.медиа;yes;Журналист
579;Свердлин Григорий Сергеевич;правозащитник, основатель проекта «Идите лесом»;yes;правозащитник, основатель проекта
580;Интернет-издание «The Moscow Times»;;no;
581;Hidemy.network Ltd.;VPN-сервис;yes;
582;Давлятчин Илья Владимирович;журналист;yes;Журналист
583;Венявкин Илья Геннадьевич;историк;yes;Историк
584;Юсупов Идрис Гасан-Гусейнович;журналист;yes;Журналист
585;Общество с ограниченной ответственностью «ЛЮДИ»;;no;
586;Касьянов Михаил Михайлович;политик, 6-й Председатель Правительства Российской Федерации (2000—2004);yes;Политик, председатель Правительства
587;Эйдман Игорь Виленович;социолог;yes;Социолог
588;Буракова Анастасия Андреевна;юрист, активистка;yes;Юрист, активист
589;Проект «Ковчег»;;no;
590;«Телеканал Дождь»;;no;
591;Вайсман Анатолий Александрович;актёр;yes;Актер
592;Шведов Григорий Сергеевич;правозащитник и журналист;yes;правозащитник, журналист
593;Пирогова Хельга Вадимовна;муниципальный депутат Совета депутатов города Новосибирска;yes;Депутат
594;Затирко Андрей Викторович;журналист;yes;Журналист
595;Соколов Денис Владимирович;старший научный сотрудник;yes;Ученый
596;Ратникова Валерия Евгеньевна;журналистка;yes;Журналист
597;Дарбинян Саркис Симонович;адвокат, медиаюрист;yes;Адвокат
598;Рыклин Александр Юрьевич;журналист;yes;Журналист
599;Баунов Александр Германович;журналист;yes;Журналист
600;Куваев Олег Игоревич;мультипликатор;yes;Мультипликатор
601;Кураев Андрей Вячеславович;религиозный и общественный деятель;yes;Общественный деятель
602;Проект «Можем объяснить»;;no;
603;Интернет-издание «Вёрстка Медиа»;;no;
604;Общество с ограниченной ответственностью «ВОБНИАР»;;no;
605;Чхартишвили Григорий Шалвович;писатель под псевдонимом «Борис Акунин»;yes;Писатель
606;Минкин Александр Викторович;журналист;yes;журналист
607;Соколов Антон Сергеевич;бывший депутат городского собрания Йошкар-Олы;yes;Депутат
608;Куршин Андрей Владимирович;администратор Телеграм-канала;yes;Администратор канала
609;Интернет-издание «Холод»;;no;
610;Юдин Григорий Борисович;социолог;yes;Социолог
611;Тагаева Лола Маджидовна;журналистка, главный редактор интернет-издания «Вёрстка»;yes;Журналист, главный редактор
612;Чирикова Евгения Сергеевна;политик, экоактивистка;yes;Политик, активист
613;Живица Владислав Геннадьевич;экс-депутат Смоленской областной Думы;yes;Депутат
614;Олейник Владислав Александрович;блогер;yes;Блогер
615;Лекторий «Живое слово»;;no;
616;«Комитет ингушской независимости»;;no;
617;Трудолюбов Максим Анатольевич;журналист;yes;Журналист
618;Потапенко Дмитрий Валерьевич;предприниматель, радиоведущий;yes;Предприниматель, ведущий
619;Проект «ВОТ ТАК»;;no;
620;Соколов Никита Павлович;кандидат исторических наук, публицист, журналист;yes;Публицист, журналист
621;Орлов Олег Петрович;правозащитник, член совета ПЦ «Мемориал»;yes;правозащитник, член совета
622;Козловский Станислав Александрович;википедист, учёный-психолог;yes;Психолог
623;Картавин Антон Викторович;депутат Совета депутатов Новосибирска VII созыва;yes;Депутат
624;Степанов Сергей Николаевич;журналист;yes;Журналист
625;Чимаров Михаил Юрьевич;фотограф, ЛГБТ-активист;yes;Фотограф, активист
626;Общество с ограниченной ответственностью «ЁЛКИН КАРТОН»;;no;
627;Синеокая Юлия Вадимовна;учительница, философ, профессор РАН;yes;Учитель, философ
628;Наринская Анна Анатольевна;журналист, литературный критик;yes;журналист, критик
629;Кукушкин Никита Андреевич;актёр «Гоголь-центра», основатель благотворительного проекта «Помощь»;yes;Актер
630;Тиньков Олег Юрьевич;предприниматель, бывший владелец банка Tinkoff;yes;Предприниматель
631;Арцуев Аслан Хамзатович;адвокат, правозащитник;yes;Адвокат, правозащитник
632;Улицкая Людмила Евгеньевна;прозаик, переводчица, сценаристка;yes;Прозаик, переводчик, сценарист
633;Хржановский Илья Андреевич;кинорежиссёр, сценарист, продюсер;yes;Режиссер, сценарист, продюсер
634;Медведев Сергей Юрьевич;экс-депутат Пермской городской думы;yes;Депутат
635;Центр защиты прав человека «Мемориал»;;no;
636;Благотворительный фонд помощи социально-незащищённым гражданам «Нужна помощь»;;no;
637;Беленькая Марианна Борисовна;востоковед-арабист, журналист;yes;Журналист, востоковед
638;Липсиц Игорь Владимирович;учёный-экономист, бывший сотрудник НИУ ВШЭ;yes;Экономист
639;Каверзина Светлана Викторовна;политик, депутат Совета депутатов Новосибирска VII созыва;yes;Политик, депутат
640;Кашинцев Олег Вячеславович;экс-майор полиции;yes;Майор
641;Либеров Роман Александрович;режиссёр, сценарист, продюсер;yes;Режиссер, сценарист, продюсер
642;Трескунов Семён Алексеевич;актёр;yes;Актер
643;Ишутин Кирилл Валерьевич;сооснователь издания «Довод»;yes;Сооснователь
644;Некоммерческое партнёрство содействия распространению энциклопедических знаний «Викимедиа РУ»;;no;
645;Набутов Кирилл Викторович;спортивный комментатор, телеведущий;yes;Комментатор, ведущий
646;Скобов Александр Валерьевич;политик, историк, журналист, правозащитник;yes;Политик, историк, журналист, правозащитник
647;Проект «Лаборатория публичной социологии»;;no;
648;«Смола» («Smola»);;no;
649;Проект «T-invariant»;;no;
650;Вишневский Борис Лазаревич;бывший руководитель фракции «Яблоко» в Законодательном собрании Санкт-Петербурга;yes;Руководитель
651;Прохоров Вадим Юрьевич;адвокат;yes;Адвокат
652;Проект «Первый отдел»;;no;
653;Общество с ограниченной ответственностью «БОЛЬШАЯ СЕМЁРКА»;;no;
654;Общество с ограниченной ответственностью «ИНСТИТУТ НЕЙРОКОГНИТИВНЫХ ИССЛЕДОВАНИЙ»;;no;
655;Веллер Михаил Иосифович;писатель;yes;Писатель
656;Татулова Анастасия Анатольевна;предпринимательница, основательница сети семейных кафе «АндерСон»;yes;Предприниматель
657;«Российское социалистическое движение» (РСД);оппозиционная левая политическая организация;yes;
658;Филиппов Иван Борисович;журналист, писатель;yes;Журналист, писатель
659;Барабанов Илья Алексеевич;журналист, специальный корреспондент Русской службы Би-би-си;yes;журналист, корреспондент
660;Казанцева Анастасия Андреевна;научный журналист;yes;Журналист
661;Кузьмин Николай Александрович;псковский депутат от партии Яблоко;yes;Депутат
662;Асташин Иван Игоревич;правозащитник, публицист;yes;правозащитник, публицист
663;Общество с ограниченной ответственностью «ИНОАГЕНТ АВК»;;no;
664;Общество с ограниченной ответственностью «СЧАСТЛИВЫЙ БИЛЕТ»;;no;
665;Андреева Мария Борисовна;активистка движения «Путь домой»;yes;Активист
666;Дунцова Екатерина Сергеевна;политик, журналист;yes;Политик, журналист
667;Иванов Павел Викторович;муниципальный депутат Басманного района Москвы от КПРФ;yes;Депутат
668;Литвинович Марина Алексеевна;политолог, журналист;yes;Политолог, журналист
669;Движение «Путь домой»;;no;
670;Интернет-проект «SOTA»;;no;
671;Проект «Republic»;;no;
672;Артемьев Игорь Андреевич;социолог-урбанист, кандидат на выборах в Мосгордуму в 2024 году;yes;Социолог, урбанист
673;Комелев Алексей Юрьевич;политтехнолог;yes;Технолог
674;Кучер Станислав Александрович;журналист;yes;Журналист
675;Поперечный Данила Алексеевич;комик, блогер;yes;Комик, блогер
676;Раткин Альберт Викторович;пастор;yes;Пастор
677;Антонов Сергей Юрьевич;политтехнолог, бывший кандидат на пост главы Удмуртии;yes;Технолог
678;Винатье Лоран Клод Жан-Луи;политолог, сотрудник швейцарской неправительственной организации Центр гуманитарного диалога;yes;Политолог
679;Волохонский Владимир Львович;муниципальный депутат Санкт-Петербурга;yes;Депутат
680;Качанов Роман Романович;режиссёр, сценарист;yes;Режиссер, сценарист
681;Кириллов Никита Никитович;бывший муниципальный депутат Санкт-Петербурга;yes;Депутат
682;Прянишников Алексей Александрович;юрист, правозащитник;yes;Юрист, правозащитник
683;Курбангалеева Фарида Рашидовна;журналистка, телеведущая, бывшая ведущая программы «Вести» на телеканале «Россия-1»;yes;Журналист, ведущий
684;Пахалюк Константин Александрович;политолог, историк;yes;Политолог, историк
685;Спирин Дмитрий Александрович;рок-музыкант, бывший вокалист группы «Тараканы!»;yes;Музыкант
686;Шаблинский Илья Георгиевич;учёный-правовед, доктор юридических наук;yes;Ученый
687;Шуршев Александр Олегович;экс-муниципальный депутат и член партии «Яблоко»;yes;Депутат
688;Хейкинен Дарья Дмитриевна;экс-глава петербургского штаба Бориса Надеждина;yes;Глава штаба
689;Вайпан Григорий Викторович;юрист;yes;Юрист
690;Герасименко Олеся Михайловна;журналистка, бывший специальный корреспондент «Русской службы Би-би-си»;yes;журналист, корреспондент
691;Ежов Сергей Александрович;журналист интернет-издания «The Insider»;yes;Журналист
692;Трошин Сергей Александрович;муниципальный депутат Санкт-Петербурга;yes;Депутат
693;Уткин Фёдор Викторович;бывший муниципальный депутат Санкт-Петербурга;yes;Депутат
694;Богданова Дарья Алексеевна;блогер, правнучка советского лётчика Валерия Чкалова;yes;Блогер
695;Каруличева Анна Николаевна;экс-муниципальный депутат Санкт-Петербурга;yes;Депутат
696;«Русский криминал»;«ВЧК-ОГПУ»,Telegram-каналы;yes;
697;Кисин Евгений Игоревич;классический музыкант, пианист-виртуоз;yes;Музыкант, пианист
698;Михнов-Вайтенко Григорий Александрович;епископ и предстоятель Апостольской православной церкви;yes;Епископ
699;Цибирев Дмитрий Александрович;политический активист;yes;Активист
700;Швец Юрий Борисович;блогер, журналист, бывший советский разведчик, американский политический деятель;yes;блогер, журналист
701;Матвеев Илья Александрович;политолог, участник проекта «Лаборатория публичной социологии»;yes;Политолог
702;«BILD на русском»;немецкая еженедельная иллюстрированная газета-таблоид;yes;
703;Давлетгильдеев Ренат Маратович;журналист, ЛГБТ-активист;yes;журналист, активист
704;Павлов Андрей Васильевич;предприниматель, основатель сети магазинов обуви Zenden;yes;Предприниматель
705;«ЕЖ» / «BRIEF» / «ЕЖ/дневник»;Telegram-канал;yes;
706;«ЕЖ главное» / «BRIEF Важное» / «Незыгаревский» / «ЕЖ/главное»;Telegram-канал;yes;
707;«НЕЗЫГАРЬ»;анонимный Telegram-канал;yes;
708;«Сирена»;Telegram-канал;yes;
709;Лукьянова Елена Анатольевна;юрист, адвокат, правозащитник;yes;Юрист, адвокат, правозащитник
710;Тимченко Галина Викторовна;журналист, медиаменеджер;yes;
711;Автономная некоммерческая организация информационных и правовых услуг «Гражданская инициатива против экологической преступности»;;no;
712;«Коалиция Новосибирск 2020»;объединение оппозиционных политиков на выборах в Совет депутатов Новосибирска;yes;
713;Канкия Давид Николаевич;координатор движения «Голос» в Краснодарском крае;yes;Координатор движения
714;Савельев Александр Валерьевич;журналист издания «Протокол»;yes;Журналист
715;Маршенкулова Залина Хамидовна;феминистка, журналистка;yes;Журналист
716;Янковский Аркадий Эдуардович;политик, депутат Государственной Думы II созыва;yes;Политик, депутат
717;Беляева Нина Александровна;экс-депутат Семилукского райсовета Воронежской области;yes;Депутат
718;Дорохов Владимир Юрьевич;заместитель председателя партии «Яблоко»;yes;
719;Ежов Михаил Анатольевич;музыкант, видеодизайнер;yes;Музыкант, дизайнер
720;Распутин Ярослав Иванович;ЛГБТ-активист, журналист сайта «Парни Плюс»;yes;Активист, журналист