id;name;occupation;contained_in_original_file;area
1.0;Автономная некоммерческая организация Краснодарский центр современного искусства «Типография»;;no;
2.0;Красноярская региональная общественная организация поддержки и развития альтернативных образовательных технологий и межкультурных коммуникаций «Интерра»;;no;
3.0;Автономная некоммерческая организация для издания научно-популярной газеты «Троицкий вариант — Наука»;;no;
4.0;Благотворительный фонд развития филантропии «КАФ»;;no;
5.0;Автономная некоммерческая экологическая организация «Друзья Балтики»;;no;
6.0;Региональная национально-культурная общественная организация «Туба калык» (Тубалары);;no;
7.0;Автономная некоммерческая организация по реализации социально-правовых программ «Лилит»;;no;
8.0;"Ассоциация по содействию защите прав призывников альтернативнослужащих и военнослужащих «Правозащитная группа „Гражданин.Армия.Право""»";;no;
9.0;Автономная некоммерческая организация «Нижегородский центр немецкой и европейской культуры»;;no;
10.0;Ивановская областная общественная организация «Центр гендерных исследований»;;no;
11.0;"Некоммерческая организация «Фонд защиты прав граждан „Штаб""»";;no;
12.0;Автономная некоммерческая организация «Институт права и публичной политики»;;no;
13.0;Некоммерческая организация «Фонд борьбы с коррупцией»;;no;
14.0;Межрегиональный профессиональный союз работников здравоохранения «Альянс врачей»;;no;
15.0;"Автономная некоммерческая организация «Центр по работе с проблемой насилия „Насилию.нет""»";;no;
16.0;Красноярская региональная общественная организация «Мы против СПИДа»;;no;
17.0;Программно-целевой благотворительный фонд «Свеча»;;no;
18.0;Санкт-Петербургский благотворительный фонд «Гуманитарное действие»;;no;
19.0;Межрегиональная общественная организация реализации социально-просветительских инициатив и образовательных проектов «Открытый Петербург»;;no;
20.0;Фонд содействия правовому просвещению населения «Лига избирателей»;;no;
21.0;Некоммерческая Организация Фонд «Правовая инициатива»;;no;
22.0;Некоммерческая организация «Фонд борьбы с коррупцией»;;no;
23.0;Пензенский региональный общественный благотворительный фонд «Гражданский Союз»;;no;
24.0;"Общественная организация «Саратовский областной еврейский благотворительный Центр „Хасдей Ерушалаим""» (Милосердие)";;no;
25.0;Частное учреждение «Центр поддержки и содействия развитию средств массовой информации»;;no;
26.0;Региональная общественная организация содействия соблюдению прав человека «Горячая Линия»;;no;
27.0;Фонд «В защиту прав заключённых»;;no;
28.0;Автономная некоммерческая организация «Институт глобализации и социальных движений»;;no;
29.0;"Автономная некоммерческая организация противодействия эпидемии вич/спида и охраны здоровья социально-уязвимых групп населения «Центр социально-информационных инициатив „Действие""»";;no;
30.0;Благотворительный фонд охраны здоровья и защиты прав граждан;;no;
31.0;Благотворительный фонд помощи осуждённым и их семьям;;no;
32.0;Городской благотворительный фонд «Фонд Тольятти»;;no;
33.0;Свердловский региональный общественный фонд социальных проектов «Новое время»;;no;
34.0;Фонд содействия устойчивому развитию «Серебряная тайга»;;no;
35.0;Фонд содействия развитию массовых коммуникаций и правовому просвещению «Так-Так-Так»;;no;
36.0;"Региональная общественная организация содействия просвещению граждан «Информационно-аналитический центр „Сова""»";;no;
37.0;Региональная общественная организация помощи женщинам и детям находящимся в кризисной ситуации «Информационно-методический центр Анна»;;no;
38.0;Автономная некоммерческая организация социальной поддержки населения «Проект Апрель»;;no;
39.0;Региональный благотворительный фонд «Самарская губерния»;;no;
40.0;Свердловский областной общественный фонд «Эра здоровья»;;no;
41.0;"Международная общественная организация «Международное историко-просветительское благотворительное и правозащитное общество „Мемориал""»";;no;
42.0;Автономная некоммерческая организация «Аналитический Центр Юрия Левады»;;no;
43.0;"Автономная некоммерческая организация «Издательство „Парк Гагарина""»";;no;
44.0;Фонд содействия защите здоровья и социальной справедливости имени Андрея Рылькова;;no;
45.0;Благотворительный фонд социально-правовой помощи «Сфера»;;no;
46.0;"Омская региональная общественная организация «Центр охраны здоровья и социальной защиты „Сибальт""»";;no;
47.0;Челябинский региональный орган общественной самодеятельности «Уральская правозащитная группа»;;no;
48.0;Челябинский региональный орган общественной самодеятельности — женское общественное объединение «Женщины Евразии»;;no;
49.0;"Городская общественная организация «Рязанское историко-просветительское и правозащитное общество „Мемориал"" (Рязанский Мемориал)»";;no;
50.0;"Городская общественная организация «Екатеринбургское общество „Мемориал""»";;no;
51.0;Автономная некоммерческая организация «Институт прав человека»;;no;
52.0;Некоммерческая организация «Фонд защиты гласности»;;no;
53.0;Региональное общественное учреждение научно-информационный центр «Мемориал»;;no;
54.0;Союз общественных объединений «Российский исследовательский центр по правам человека»;;no;
55.0;Автономная некоммерческая организация «Дальневосточный центр развития гражданских инициатив и социального партнёрства»;;no;
56.0;Фонд «Гражданское действие»;;no;
57.0;Автономная некоммерческая организация «Центр независимых социологических исследований»;;no;
58.0;Свердловская региональная общественная организация «Сутяжник»;;no;
59.0;Негосударственное образовательное учреждение дополнительного профессионального образования (повышение квалификации) специалистов «Академия по правам человека»;;no;
60.0;Частное учреждение в Калининграде по административной поддержке реализации программ и проектов Совета Министров северных стран;;no;
61.0;Межрегиональная благотворительная общественная организация «Центр развития некоммерческих организаций»;;no;
62.0;Региональная общественная благотворительная организация помощи беженцам и мигрантам «Гражданское содействие»;;no;
63.0;"Автономная некоммерческая организация «Центр антикоррупционных исследований и инициатив „Трансперенси Интернешнл-Р""»";;no;
64.0;Региональный фонд «Центр защиты прав средств массовой информации»;;no;
65.0;Некоммерческое партнёрство «Институт развития прессы — Сибирь»;;no;
66.0;«Частное учреждение в Санкт-Петербурге по административной поддержке реализации программ и проектов Совета Министров Северных Стран»;;no;
67.0;Межрегиональная общественная организация Информационно-просветительский центр «Мемориал»;;no;
68.0;Фонд поддержки свободы прессы;;no;
69.0;Санкт-Петербургская общественная правозащитная организация «Гражданский контроль»;;no;
70.0;Межрегиональная общественная правозащитная организация «Человек и Закон»;;no;
71.0;Региональная общественная организация «Общественная комиссия по сохранению наследия академика Сахарова»;;no;
72.0;Частное учреждение «Информационное агентство Мемо.ру»;;no;
73.0;Некоммерческое партнерство «Институт региональной прессы»;;no;
74.0;Фонд «Институт развития свободы информации»;;no;
75.0;Межрегиональная общественная организация Правозащитный Центр «Мемориал»;;no;
76.0;Калининградская региональная общественная организация «Экозащита!-Женсовет»;;no;
77.0;Фонд содействия защите прав и свобод граждан «Общественный вердикт»;;no;
78.0;Евразийская антимонопольная ассоциация;;no;
79.0;Томская региональная общественная организация по защите прав и интересов женщин «Женский голос»;;no;
80.0;Голос Америки;;no;
81.0;Idel.Реалии;;no;
82.0;Кавказ.Реалии;;no;
83.0;Крым.Реалии;;no;
84.0;Телеканал Настоящее Время;;no;
85.0;Татаро-башкирская служба Радио Свобода (Azatliq Radiosi);;no;
86.0;«Радио Свободная Европа/Радио Свобода» (PCE/PC);;no;
87.0;Сибирь.Реалии;;no;
88.0;Фактограф;;no;
89.0;Север.Реалии;;no;
90.0;Общество с ограниченной ответственностью «Радио Свободная Европа/Радио Свобода»;;no;
91.0;Чешское информационное агентство «MEDIUM-ORIENT»;;no;
92.0;Meduza;;no;
93.0;ООО «Первое антикоррупционное СМИ»;;no;
94.0;Интернет-ресурс VTimes;;no;
95.0;The Insider;;no;
96.0;Общество с ограниченной ответственностью Телеканал Дождь;;no;
97.0;Юридическое лицо Istories fonds;;no;
98.0;Общество с ограниченной ответственностью «Альтаир 2021»;;no;
99.0;Общество с ограниченной ответственностью «Ромашки монолит»;;no;
100.0;Общество с ограниченной ответственностью «Главный редактор 2021»;;no;
101.0;Общество с ограниченной ответственностью «Вега 2021»;;no;
102.0;Общество с ограниченной ответственностью «Важные иноагенты»;;no;
103.0;Общество с ограниченной ответственностью «ЗП»;;no;
104.0;Общество с ограниченной ответственностью «Зона права»;;no;
105.0;Общество с ограниченной ответственностью «ЖУРНАЛИСТ-ИНОСТРАННЫЙ АГЕНТ»;;no;
106.0;Общество с ограниченной ответственностью «Мемо»;;no;
107.0;Американская компания «Mason G.E.S. Anonymous Foundation»;;no;
108.0;Компания «Stichting Bellingcat»;;no;
109.0;Автономная некоммерческая организация по защите прав человека и информированию населения «Якутия — Наше Мнение»;;no;
110.0;Общество с ограниченной ответственностью «Москоу диджитал медиа»;;no;
111.0;Акционерное общество «РС-Балт»;;no;
112.0;Общество с ограниченной ответственностью «Как бы инагент»;;no;
113.0;Фонд развития книжной культуры «Иркутский союз библиофилов»;;no;
114.0;Общество с ограниченной ответственностью «Честные выборы»;;no;
115.0;Общество с ограниченной ответственностью «Нобелевский призыв»;;no;
116.0;Общество с ограниченной ответственностью «Данное сообщение»;;no;
117.0;Общество с ограниченной ответственностью «Номер семьдесят семь»;;no;
118.0;Общество с ограниченной ответственностью «ЛПНМ»;;no;
119.0;Общество с ограниченной ответственностью Издательский дом «Новая глава»;;no;
120.0;Общество с ограниченной ответственностью «Новогодний выпуск»;;no;
121.0;Общество с ограниченной ответственностью «Процесс 2021»;;no;
122.0;Deutsche Welle;;no;
123.0;Общество с ограниченной ответственностью «Апология»;;no;
124.0;Общество с ограниченной ответственностью «Лиза норм»;;no;
125.0;Общество с ограниченной ответственностью «Апрельские тезисы»;;no;
126.0;Общество с ограниченной ответственностью «Первый научный»;;no;
127.0;Общество с ограниченной ответственностью «Вертолёт и КО»;;no;
128.0;Общество с ограниченной ответственностью «Иноагент ААВ»;;no;
129.0;Общество с ограниченной ответственностью «Новости»;;no;
130.0;Общество с ограниченной ответственностью «Время колокольчиков»;;no;
131.0;Общество с ограниченной ответственностью «Вольные люди»;;no;
132.0;Общество с ограниченной ответственностью «Иновещание»;;no;
133.0;Общество с ограниченной ответственностью «Букмейт Лимитед»;;no;
134.0;Московский региональный общественный благотворительный фонд «Социальное партнёрство»;;no;
135.0;Общество с ограниченной ответственностью «Город без преград»;;no;
136.0;Пономарёв Лев Александрович;правозащитник;yes;правозащитник
137.0;Савицкая Людмила Алексеевна;журналистка Радио «Свобода»;yes;журналист
138.0;Маркелов Сергей Евгеньевич;журналист «7x7»;yes;журналист
139.0;Камалягин Денис Николаевич;главный редактор «Псковской губернии»;yes;Главный редактор
140.0;Апахончич Дарья Александровна;художница-акционистка;yes;Художник
141.0;Баданин Роман Сергеевич;главный редактор «Проекта»;yes;Главный редактор
142.0;Гликин Максим Александрович;журналист «Открытых медиа»;yes;журналист
143.0;Маняхин Пётр Борисович;журналист «Проекта»;yes;журналист
144.0;Ярош Юлия Петровна;журналистка «Открытых медиа»;yes;журналист
145.0;Чуракова Ольга Владимировна;журналистка «Проекта»;yes;журналист
146.0;Железнова Мария Михайловна;журналистка «Проекта»;yes;журналист
147.0;Лукьянова Юлия Сергеевна;журналистка «Проекта»;yes;журналист
148.0;Маетная Елизавета Витальевна;журналистка Радио «Свобода»;yes;журналист
149.0;Рубин Михаил Аркадьевич;журналист «Проекта»;yes;журналист
150.0;Гройсман Софья Романовна;журналистка «Проекта»;yes;журналист
151.0;Рождественский Илья Дмитриевич;журналист «Открытых медиа»;yes;журналист
152.0;Апухтина Юлия Владимировна;журналистка «Проекта»;yes;журналист
153.0;Постернак Алексей Евгеньевич;журналист Радио «Свобода»;yes;журналист
154.0;Петров Степан Юрьевич;руководитель общественного движения «Якутия — Наше Мнение»;yes;Руководитель
155.0;Шмагун Олеся Валентиновна;журналистка «Важных историй»;yes;журналист
156.0;Мароховская Алеся Алексеевна;журналистка «Важных историй»;yes;журналист
157.0;Долинина Ирина Николаевна;журналистка «Важных историй»;yes;журналист
158.0;Шлейнов Роман Юрьевич;журналист «Важных историй»;yes;журналист
159.0;Анин Роман Александрович;главный редактор «Важных историй»;yes;Главный редактор
160.0;Великовский Дмитрий Александрович;журналист «Важных историй»;yes;журналист
161.0;Каткова Вероника Вячеславовна;координатор движения «Голос»;yes;Координатор движения
162.0;Карезина Инна Павловна;координатор движения «Голос»;yes;Координатор движения
163.0;Кузьмина Людмила Гавриловна;координатор движения «Голос»;yes;Координатор движения
164.0;Костылева Полина Владимировна;координатор движения «Голос»;yes;Координатор движения
165.0;Лютов Александр Иванович;координатор движения «Голос»;yes;Координатор движения
166.0;Жилкин Владимир Владимирович;координатор движения «Голос»;yes;Координатор движения
167.0;Жилинский Владимир Александрович;координатор движения «Голос»;yes;Координатор движения
168.0;Тихонов Михаил Сергеевич;координатор движения «Голос»;yes;Координатор движения
169.0;Пискунов Сергей Евгеньевич;координатор движения «Голос»;yes;Координатор движения
170.0;Ковин Виталий Сергеевич;член совета «Голос»;yes;Член совета
171.0;Кильтау Екатерина Викторовна;координатор движения «Голос»;yes;Координатор движения
172.0;Любарев Аркадий Ефимович;член совета «Голос»;yes;Член совета
173.0;Гурман Юрий Альбертович;член совета «Голос»;yes;Член совета
174.0;Грезев Александр Викторович;координатор движения «Голос»;yes;Координатор движения
175.0;Важенков Артём Валерьевич;координатор движения «Голос»;yes;Координатор движения
176.0;Иванова София Юрьевна;член совета «Голос»;yes;Член совета
177.0;Пигалкин Илья Валерьевич;координатор движения «Голос»;yes;Координатор движения
178.0;Петров Алексей Викторович;координатор движения «Голос»;yes;Координатор движения
179.0;Егоров Владимир Владимирович;координатор движения «Голос»;yes;Координатор движения
180.0;Гусев Андрей Юрьевич;координатор движения «Голос»;yes;Координатор движения
181.0;Смирнов Сергей Сергеевич;главный редактор «Медиазоны»;yes;Главный редактор
182.0;Верзилов Пётр Юрьевич;издатель «Медиазоны»;yes;Издатель
183.0;Вольтская Татьяна Анатольевна;журналистка Радио «Свобода»;yes;журналист
184.0;Клепиковская Екатерина Дмитриевна;журналистка Радио «Свобода»;yes;журналист
185.0;Сотников Даниил Владимирович;журналист «Дождя»;yes;журналист
186.0;Захаров Андрей Вячеславович;журналист Би-би-си;yes;журналист
187.0;Симонов Евгений Алексеевич;журналист Радио «Свобода»;yes;журналист
188.0;Сурначева Елизавета Дмитриевна;журналистка «Настоящего времени»;yes;журналист
189.0;Соловьёва Елена Анатольевна;журналистка «Новой газеты»;yes;журналист
190.0;Арапова Галина Юрьевна;директор «Центра защиты прав СМИ»;yes;Директор
191.0;Перл Роман Александрович;журналист «Настоящего времени»;yes;журналист
192.0;Заговора Максим Александрович;адвокат, сотрудник «Команды 29»;yes;Адвокат
193.0;Ветошкина Валерия Валерьевна;адвокат, сотрудница «Команды 29»;yes;Адвокат
194.0;Павлов Иван Юрьевич;адвокат, руководитель «Команды 29»;yes;Адвокат
195.0;Скворцова Елена Сергеевна;адвокат, сотрудница «Команды 29»;yes;Адвокат
196.0;Оленичев Максим Владимирович;адвокат, сотрудник «Команды 29»;yes;Адвокат
197.0;Кочетков Игорь Викторович;сооснователь «Российской ЛГБТ-сети»;yes;Сооснователь
198.0;Еланчик Олег Александрович;главный редактор «Sota.Vision»;yes;Главный редактор
199.0;Григорьева Алина Александровна;журналистка «Idel.Реалии»;yes;журналист
200.0;Григорьев Андрей Валерьевич;журналист «Idel.Реалии»;yes;журналист
201.0;Гималова Регина Эмилевна;журналистка «Idel.Реалии»;yes;журналист
202.0;Хисамова Регина Фаритовна;журналистка «Idel.Реалии»;yes;журналист
203.0;Гельман Марат Александрович;публицист, галерист;yes;Публицист, галерист
204.0;Шендерович Виктор Анатольевич;публицист;yes;Публицист
205.0;Беляев Иван Михайлович;журналист Радио «Свобода»;yes;журналист
206.0;Владыкина Елена Сергеевна;журналистка Радио «Свобода»;yes;журналист
207.0;Бекбулатова Таисия Львовна;главный редактор «Холода»;yes;Главный редактор
208.0;Толоконникова Надежда Андреевна;активистка «Pussy Riot»;yes;Активист
209.0;Никульшина Вероника Юрьевна;активистка «Pussy Riot»;yes;Активист
210.0;Алексеев Андрей Викторович;кинопрокатчик;yes;Кинопрокатчик
211.0;Агеева (Айнбиндер) Александра Александровна;учредитель интернет-издания Sota.Vision;yes;Учредитель
212.0;Голубева Анна Львовна;руководительница центра «Ресурс ЛГБТКИА Москва»;yes;Руководитель
213.0;Константинова Алла Михайловна;корреспондентка «Медиазоны»;yes;Корреспондент
214.0;Борзунова Мария Михайловна;журналистка «Дождя»;yes;журналист
215.0;Мурадов Мурад Абдулгалимович;журналист еженедельника «Новое дело»;yes;журналист
216.0;Малкова Ирина Владимировна;главный редактор интернет-издания «The Bell»;yes;Главный редактор
217.0;Осетинская Елизавета Николаевна;журналистка, основательница интернет-издания «The Bell»;yes;журналист, основатель издания
218.0;Понасенков Евгений Николаевич;историк, публицист, видеоблогер;yes;Историк, публицист, блогер
219.0;Воробьёв Виктор Викторович;оппозиционный политик, депутат Государственного Совета Республики Коми VII созыва;yes;Политик, депутат
220.0;Дрёмин Иван Тимофеевич;рэп-исполнитель, певец;yes;Исполнитель, певец
221.0;Борухович (Тумакова) Ирина Григорьевна;журналистка интернет-издания «Новая газета»;yes;журналист
222.0;Фейгин Марк Захарович;политический деятель, журналист;yes;Политический деятель, журналист
223.0;Маяковская Екатерина Алексеевна;журналистка, волонтёр движения «Голос»;yes;журналист, волонтер
224.0;Филимонов Андрей Викторович;журналист Радио «Свобода», Сибирь.Реалии;yes;журналист
225.0;Дубровский Дмитрий Викторович;гражданский активист, исследователь, эксперт;yes;Активист, исследователь, эксперт
226.0;Дзугкоева Регина Николаевна;руководительница движения «Маяк»;yes;Руководитель
227.0;Шаинян Карен Багратович;ЛГБТ-видеоблогер;yes;блогер
228.0;Шульман Екатерина Михайловна;политолог, публицист;yes;Политолог, публицист
229.0;Сабунаева Мария Леонидовна;ЛГБТ-психолог, писательница;yes;психолог, писатель
230.0;Семёнов Алексей Владимирович;писатель, бывший обозреватель «Псковской губернии»;yes;Писатель
231.0;Дудь Юрий Александрович;видеоблогер, журналист;yes;блогер, журналист
232.0;Кругликов Кирилл Игоревич;журналист интернет-издания «Такие дела»;yes;журналист
233.0;Доброхотов Роман Александрович;главный редактор «The Insider»;yes;Главный редактор
234.0;Ёлкин Сергей Владимирович;художник-карикатурист;yes;Художник
235.0;Вахштайн Виктор Семёнович;социолог, главный редактор журнала «Социология власти»;yes;Социолог
236.0;Сироткин Ярослав Николаевич;гражданский и ЛГБТ-активист, член ЛГБТ-движения «Каллисто»;yes;Активист, член ЛГБТ-движения
237.0;Пархоменко Сергей Борисович;журналист;yes;журналист
238.0;Асафьев Артур Валерьевич;журналист Радио «Свобода»;yes;журналист
239.0;Невзоров Александр Глебович;журналист;yes;журналист
240.0;Лушникова Екатерина Евгеньевна;журналист Радио «Свобода»;yes;журналист
241.0;Венедиктов Алексей Алексеевич;главный редактор «Эхо Москвы»;yes;Главный редактор
242.0;Воронов Владимир Владимирович;журналист Радио «Свобода»;yes;журналист
243.0;Милов Владимир Станиславович;политик, экономист;yes;Политик, экономист
244.0;Кагарлицкий Борис Юльевич;социолог, публицист;yes;Социолог, публицист
245.0;Гозман Леонид Яковлевич;психолог, активист;yes;Психолог, активист
246.0;Соболь Любовь Эдуардовна;политик;yes;Политик
247.0;Климарев Михаил Валерьевич;IT-эксперт, активист;yes;IT-эксперт, активист
248.0;Баранова Наталья Владимировна;контент-директор «Теплицы социальных технологий»;yes;контент-директор
249.0;Константинов Денис Владимирович;главный редактор «Орловских новостей»;yes;Главный редактор
250.0;Соколов Михаил Владимирович;журналист Радио «Свобода», историк, радиоведущий, политический обозреватель;yes;журналист, историк, ведущий, политический обозреватель
251.0;Пивоваров Алексей Владимирович;журналист, блогер;yes;журналист, блогер
252.0;Цветкова Юлия Владимировна;художница, активистка;yes;Художник, активист
253.0;Кашин Олег Владимирович;политический журналист, публицист, обозреватель и писатель;yes;журналист, публицист, обозреватель, писатель
254.0;Петров Николай Владимирович;политолог, политгеограф;yes;Политолог, политгеограф
255.0;Данилович Ирина Брониславовна;активистка;yes;Активист
256.0;Алешковский Дмитрий Петрович;общественный деятель, журналист;yes;Общественный деятель, журналист
257.0;Быков Дмитрий Львович;писатель, публицист;yes;Писатель, публицист
258.0;Альбац Евгения Марковна;журналистка;yes;журналист
259.0;Федоров Кирилл Владимирович;психолог, правозащитник;yes;Психолог, правозащитник
260.0;Мартынов Кирилл Константинович;главный редактор «Новой газеты. Европа», публицист;yes;Главный редактор, публицист
261.0;Лойко Сергей Леонидович;журналист;yes;журналист
262.0;Галямина Юлия Евгеньевна;политик;yes;Политик
263.0;Шац Михаил Григорьевич;шоумен, телеведущий;yes;Шоумен, ведущий
264.0;Медведев Сергей Александрович;политолог;yes;Политолог
265.0;Соловей Валерий Дмитриевич;историк, политолог;yes;Историк, политолог
266.0;Шукаева Елена Викторовна;журналистка Радио «Свобода»;yes;журналист
267.0;Афанасьев Андрей Андреевич;журналист Радио «Свобода» и Sotaproject;yes;Журналист
268.0;Ясавеев Искэндэр Габдрахманович;социолог, колумнист «Idel.Реалии», активист;yes;Социолог, колумнист, активист
269.0;Балтатарова Евгения Семеновна;журналистка, общественный деятель;yes;Журналист, общественный деятель
270.0;Глуховский Дмитрий Алексеевич;писатель;yes;Писатель
271.0;Жадаев Иван Алексеевич;журналист, бывший редактор «МБХ-Медиа»;yes;Журналист, редактор
272.0;Харатьян Кирилл Евгеньевич;журналист, преподаватель РАНХиГС;yes;Журналист, преподаватель
273.0;Рувинский Владимир Владимирович;журналист, бывший главный редактор сайта «Эха Москвы»;yes;Журналист, главный редактор
274.0;Куцылло Вероника Иосифовна;журналист, бывший главный редактор «МБХ медиа»;yes;Журналист, главный редактор
275.0;Долин Антон Владимирович;кинокритик;yes;Кинокритик
276.0;Телегина Наталия Геннадьевна;журналистка;yes;журналист
277.0;Зыгарь Михаил Викторович;писатель, журналист;yes;Писатель, журналист
278.0;Докучаев Алексей Алексеевич;основатель издательства Individuum;yes;Основатель издательства
279.0;Баев Андрей Сергеевич;директор сервиса Bookmate;yes;Директор
280.0;Биккинин Ирек Дамирович;журналист, общественный деятель;yes;Журналист, общественный деятель
281.0;Колезев Дмитрий Евгеньевич;журналист, главред «Republic»;yes;Журналист, главный редактор
282.0;Барабашова Любовь Григорьевна;журналистка «Радио Свобода», «Сибирь. Реалии»;yes;журналист
283.0;Киселёв Евгений Алексеевич;журналист;yes;Журналист
284.0;Ганапольский Матвей Юрьевич;журналист;yes;Журналист
285.0;Волков Леонид Михайлович;политик;yes;Политик
286.0;Кара-Мурза Владимир Владимирович;политик;yes;Политик
287.0;Моргенштерн Алишер Тагирович;рэп-, поп- и рок-исполнитель, музыкант, шоумен;yes;Исполнитель, музыкант, шоумен
288.0;Ходорковский Михаил Борисович;общественный и политический деятель, предприниматель;yes;Общественный деятель, Политический деятель, предприниматель
289.0;Каспаров Гарри Кимович;политик, шахматист;yes;Политик, шахматист
290.0;Чичваркин Евгений Александрович;предприниматель;yes;Предприниматель
291.0;Шаведдинов Руслан Табризович;политический и общественный деятель;yes;Политический деятель, общественный деятель
292.0;Яшин Илья Валерьевич;политик, общественный деятель;yes;Политик, общественный деятель
293.0;Кац Максим Евгеньевич;блогер, политик, общественный деятель;yes;Блогер, Политик, общественный деятель
294.0;Белоцерковская Вероника Борисовна;журналист, блогер;yes;журналист, блогер
295.0;Лазарева Татьяна Юрьевна;актриса, телеведущая, общественный деятель;yes;Актер, ведущий, общественный деятель, 
296.0;Гордон Дмитрий Ильич;журналист;yes;Журналист
297.0;Гордеева Катерина Владимировна;журналистка;yes;журналист
298.0;Жданов Иван Юрьевич;общественный деятель, юрист;yes;Общественный деятель, юрист
299.0;Зимин Борис Дмитриевич;общественный деятель, предприниматель;yes;Общественный деятель, предприниматель
300.0;Макаревич Андрей Вадимович;певец;yes;Певец
301.0;Крашенинников Фёдор Геннадиевич;политолог;yes;Политолог
302.0;Латынина Юлия Леонидовна;журналистка, публицист;yes;журналист, публицист
303.0;Эйдельман Тамара Натановна;историк, блогер;yes;Историк, блогер
304.0;Наки Майкл Сидней;блогер, журналист;yes;Блогер, журналист
305.0;Галкин Максим Александрович;артист;yes;Артист
306.0;Иванов Дмитрий Сергеевич;блогер;yes;Блогер
307.0;Кушнарь Александр Александрович;журналист;yes;Журналист
308.0;Кен Даниил Олегович;глава профсоюза «Альянс учителей»;yes;Глава профсоюза
309.0;Цимбалюк Роман Владимирович;журналист;yes;Журналист
310.0;Литвин Богдан Геннадьевич;активист, координатор движения «Весна»;yes;Активист, координатор движения
311.0;Мартыненко Тимофей Сергеевич;активист движения «Весна»;yes;Активист
312.0;Фёдоров Мирон Янович;рэп-исполнитель;yes;Исполнитель
313.0;Сторожева Ирина Владимировна;журналистка, активистка;yes;журналист, активист
314.0;Попова Алёна Владимировна;активистка, общественный деятель;yes;активист, общественный деятель
315.0;Низовцев Дмитрий Александрович;ведущий ютьюб-канала команды Навального «Популярная политика»;yes;Ведущий
316.0;Ярмыш Кира Александровна;общественный деятель, пресс-секретарь Алексея Навального;yes;Общественный деятель
317.0;Дзядко Тихон Викторович;журналист, главный редактор телеканала «Дождь»;yes;Журналист, главный редактор
318.0;Габбасов Руслан Салаватович;башкирский национальный и политический деятель, экоактивист;yes;Политический деятель, экоактивист
319.0;Кочкин Семён Александрович;юрист, правозащитник, экс-координатор Чебоксарского штаба Навального;yes;Юрист, правозащитник, координатор
320.0;Шуманов Илья Вячеславович;глава «Трансперенси Интернешнл — Россия»;yes;Глава
321.0;Пономарёв Илья Владимирович;политический деятель;yes;Политический деятель
322.0;Роднянский Александр Ефимович;режиссёр, продюсер;yes;Режиссер, продюсер
323.0;Шадрина (Фельгенгауэр) Татьяна Владимировна;журналистка, ведущая радио- и ютуб-программ;yes;Журналист, ведущий
324.0;Босов Катерина Евгеньевна;вдова бизнесмена Дмитрия Босова;yes;
325.0;Плющев Александр Владимирович;журналист, ведущий радио- и ютуб-программ;yes;Журналист, ведущий
326.0;Котрикадзе Екатерина Бесикиевна;журналистка, ведущая радио- и ютуб-программ;yes;Журналист, ведущий
327.0;Беньяш Михаил Михайлович;адвокат;yes;Адвокат
328.0;Синдеева Наталья Владимировна;журналистка, ведущая радио- и ютуб-программ;yes;Журналист, ведущий
329.0;Березовец Тарас Валерьевич;журналист, ведущий радио- и ютуб-программ;yes;Журналист, ведущий
330.0;Яковина Иван Викторович;журналист, политический обозреватель;yes;Журналист, политический обозреватель
331.0;Роменский Владимир Андреевич;журналист, ведущий радио- и ютуб-программ;yes;Журналист, ведущий
332.0;Карпук (Левиев) Руслан Леонидович;сооснователь Conflict Intelligence Team;yes;Сооснователь
333.0;Мальцев Вячеслав Вячеславович;видеоблогер;yes;Блогер
334.0;Шихман Ирина Юрьевна;журналистка, видеоблоггер;yes;журналист, блогер
335.0;Алексеев Иван Александрович;музыкант, рэп-рок-исполнитель;yes;Музыкант, исполнитель
336.0;Заякин Андрей Викторович;общественный деятель, журналист, сооснователь «Диссернет»;yes;Общественный деятель, журналист, сооснователь
337.0;Усанова Олимпиада Валентиновна;правозащитница;yes;правозащитник
338.0;Светов Михаил Владимирович;блогер, основатель SVTV News;yes;Блогер, основатель
339.0;Телин Фёдор Алексеевич;бывший волонтёр штаба Навального в Уфе;yes;Волонтер
340.0;Ковин Виталий Сергеевич;координатор движения наблюдателей «Голос»;yes;Координатор движения
341.0;Новиков Илья Сергеевич;адвокат;yes;Адвокат
342.0;Монгайт Анна Викторовна;журналистка, телеведущая, продюсер;yes;Журналист, ведущий, продюсер
343.0;Ройзман Евгений Вадимович;политик, общественный деятель;yes;Политик, общественный деятель
344.0;Гармажапова Александра Цыреновна;глава антивоенного фонда «Свободная Бурятия»;yes;
345.0;Общероссийское общественное движение в защиту прав избирателей «Голос»;;no;
346.0;Медиапроект «ОВД-Инфо»;;no;
347.0;Межрегиональное общественное движение «Российская ЛГБТ-сеть»;;no;
348.0;Дальневосточное общественное движение «Маяк»;;no;
349.0;Санкт-Петербургская ЛГБТ-инициативная группа «Выход»;;no;
350.0;Инициативная группа ЛГБТ+ «Реверс»;;no;
351.0;Московский комьюнити-центр для ЛГБТ+ инициатив;;no;
352.0;Комитет против пыток;;no;
353.0;«Ресурсный центр для ЛГБТ»;;no;
354.0;Движение «Весна»;;no;
355.0;Транс-инициативная группа «Т-Действие»;;no;
356.0;Аскеров Ровшан Энвер оглы;журналист, знаток телевизионной игры «Что? Где? Когда?»;yes;Журналист
357.0;Экологическое движение «42»;;no;
358.0;Апресян Рубен Грантович;философ;yes;Философ
359.0;Фишман Михаил Владимирович;журналист;yes;журналист
360.0;Мурзагулов Ростислав Рафкатович;политолог, политтехнолог, журналист, писатель;yes;Политолог, политтехнолог, журналист, писатель
361.0;The Bell;;no;
362.0;Региональная общественная организация «Экологическая вахта Сахалина»;;no;
363.0;Автономная некоммерческая организация «Центр сохранения и изучения лососёвых видов рыб и мест их обитания»;;no;
364.0;Самарская общественная организация ЛГБТ+ «Ирида»;;no;
365.0;Таратута Юлия Леонидовна;журналистка, главред «Wonderzine»;yes;Журналист, главный редактор
366.0;Тютрин Иван Иванович;журналист, оппозиционный политик и общественный деятель;yes;Журналист, политик, общественный деятель
367.0;Любимов Дмитрий Александрович;журналист;yes;Журналист
368.0;Давыдов Дмитрий Викторович;бизнесмен;yes;Бизнесмен
369.0;Грязневич Наталья Владимировна;депутат;yes;Депутат
370.0;Жвик Анастасия Николаевна;журналистка;yes;Журналист
371.0;Ганнушкина Светлана Алексеевна;правозащитница;yes;правозащитник
372.0;Пьяных Глеб Валентинович;журналист, телеведущий, видеоблогер;yes;Журналист, ведущий, блогер
373.0;Колесников Андрей Владимирович;журналист, политолог;yes;Журналист, политолог
374.0;Автономная некоммерческая организация социально-спортивных программ «Спортивное ЛГБТ-сообщество»;;no;
375.0;Anti-Corruption Foundation Inc.;;no;
376.0;«Феминистское Антивоенное Сопротивление»;;no;
377.0;Общественная организация «Роскомсвобода»;;no;
378.0;Троицкий Артемий Кивович;журналист;yes;журналист
379.0;Смольянинов Артур Сергеевич;актёр;yes;Актер
380.0;Кирсанов Сергей Владимирович;бывший священник;yes;Священник
381.0;Фурсов Анатолий Владимирович;юрист;yes;Юрист
382.0;Ухов Сергей Анатольевич;создатель регионального медиа «Пермь 36,6», экс-координатор штаба Навального в Пермском крае;yes;Создатель медиа, координатор
383.0;Шелест Александр;журналист;yes;журналист
384.0;Общество с ограниченной ответственностью «ТЕНЕС»;;no;
385.0;Гырдымова Елизавета Андреевна;певица, музыкант, композитор и автор песен под псевдонимом «Монеточка»;yes;Певец, музыкант, композитор
386.0;Осечкин Владимир Валерьевич;правозащитник, основатель общественного проекта «Гулагу-нет!»;yes;правозащитник, основатель проекта
387.0;Устимов Антон Михайлович;видеоблогер под псевдонимом «Антон Пикули»;yes;Блогер
388.0;Яганов Ибрагим Хасанбиевич;политический и общественный деятель;yes;Политический деятель, общественный деятель
389.0;Харченко Вадим Михайлович;блогер;yes;блогер
390.0;Беседина Дарья Станиславовна;урбанист, депутат Московской городской Думы VII созыва;yes;Урбанист, депутат
391.0;Проект для трансгендерных людей и их близких «T9 NSK»;;no;
392.0;Прусикин Илья Владимирович;музыкант, лидер группы Little Big;yes;Музыкант
393.0;Агумава Фидель Эдуардович;журналист;yes;Журналист
394.0;Омбадыков Эрдни Басан;президент Объединения буддистов Калмыкии;yes;Президент обьединения
395.0;Кашапов Рафис Рафаилович;правозащитник;yes;правозащитник
396.0;Серенко Дарья Андреевна;общественная деятельница, акционистка, поэтесса и художница;yes;Общественный деятель, поэт, художник
397.0;Общество с ограниченной ответственностью «Философия ненасилия»;;no;
398.0;Фонд развития цифровых прав;;no;
399.0;Мезерин Павел Владимирович;политолог, аналитик, журналист, координатор движения «Свободная Ингрия»;yes;Политолог, аналитик, журналист, координатор движения
400.0;Соболев Николай Юрьевич;видеоблогер, писатель, бизнесмен и певец;yes;блогер, писатель, бизнесмен, певец
401.0;Макашенец Александр Юрьевич;журналист;yes;журналист
402.0;Дудко Екатерина Артуровна;писательница под псевдонимом «Катерина Сильванова»;yes;Писатель
403.0;Прокашева Елена Владимировна;писательница под псевдонимом «Елена Малисова»;yes;Писатель
404.0;Рамазанова Земфира Талгатовна;рок-певица, музыкант под псевдонимом «Земфира»;yes;Певец, музыкант
405.0;Гудков Дмитрий Геннадьевич;политик;yes;Политик
406.0;Галлямов Аббас Радикович;политолог;yes;Политолог
407.0;Намазбаева Татьяна Валерьевна;активистка;yes;Активист
408.0;Асланян Сергей Степанович;журналист;yes;журналист
409.0;Шпилькин Сергей Александрович;физик, электоральный статистик;yes;Физик
410.0;Ривина Анна Валерьевна;общественный деятель;yes;Общественный деятель
411.0;Казанцева Александра Николаевна;общественный деятель;yes;Общественный деятель
412.0;Зубов Андрей Борисович;историк, философ;yes;Историк, философ
413.0;Школа свободной общественной мысли «Возрождение»;;no;
414.0;Лошак Андрей Борисович;журналист;yes;Журналист
415.0;Всемирный фонд дикой природы;;no;
416.0;Фонд «Свободная Бурятия»;;no;
417.0;Губарев Данил Евгеньевич;журналист;yes;Журналист
418.0;Гуриев Сергей Маратович;экономист;yes;Экономист
419.0;Гершензон Лев Михайлович;медиа-менеджер;yes;Медиа-менеджер
420.0;Гудков Геннадий Владимирович;политик;yes;Политик
421.0;Водвуд Вераника Сергеевна;блогер-феминистка под псевдонимом «nixelpixel»;yes;Блогер
422.0;Варламов Илья Александрович;видеоблогер, журналист, общественный деятель;yes;блогер, журналист, общественный деятель
423.0;Парни Плюс/Парни+;;no;
424.0;Чиков Павел Владимирович;юрист, правозащитник и общественный деятель;yes;Юрист, правозащитник, общественный деятель
425.0;Айсин Руслан Валерьевич;политолог, общественный деятель;yes;Политолог, общественный деятель
426.0;Лада-Русь Светлана Михайловна;общественный деятель;yes;Общественный деятель
427.0;Бакалейко Богдан Владимирович;журналист;yes;журналист
428.0;Покровский Максим Сергеевич;певец, композитор, автор песен, актёр театра и кино;yes;Певец, композитор, актер
429.0;Бойко Сергей Андреевич;общественный и политический деятель;yes;Общественный деятель, Политический деятель
430.0;Чентемиров Георгий Ростиславович;журналист;yes;журналист
431.0;«Теплица социальных технологий»;;no;
432.0;Альянс гетеросексуалов и ЛГБТ за равноправие;;no;
433.0;«Настоящая Россия»;;no;
434.0;Общество с ограниченной ответственностью «Хроникёр»;;no;
435.0;Бабченко Аркадий Аркадьевич;журналист;yes;Журналист
436.0;Слепаков Семён Сергеевич;комедийный актёр, сценарист, продюсер, поэт, певец, музыкант и автор-исполнитель песен;yes;Актер, сценарист, продюсер, поэт, певец, музыкант, исполнитель
437.0;Яковенко Игорь Александрович;журналист, социолог;yes;журналист, социолог
438.0;Мунтян Павел Андреевич;мультипликатор, продюсер, сценарист, создатель анимационного сериала Mr. Freeman;yes;мультипликатор, продюсер, сценарист
439.0;Каныгин Павел Юрьевич;журналист и репортёр-расследователь;yes;журналист
440.0;Фонд Карнеги за международный мир;;no;
441.0;Издание «Агентство»;;no;
442.0;Интернет-издание «Полигон»;;no;
443.0;«Радужная ассоциация»;;no;
444.0;Грозев Христо;журналист-расследователь, медиаэксперт и медиаинвестор;yes;Журналист
445.0;Севец-Ермолина Наталья Фёдоровна;журналист, блогер;yes;журналист, блогер
446.0;Вихарева Эльвира Владимировна;журналист, блогер;yes;журналист, блогер
447.0;Автономная некоммерческая правозащитная организация «Школа призывника»;;no;
448.0;Журналистский проект «Адвокатская улица»;;no;
449.0;Матвеев Ян Андреевич;политолог;yes;Политолог
450.0;Осовцов Александр Авраамович;политический деятель;yes;Политический деятель
451.0;Преображенский Иван Сергеевич;политолог;yes;Политолог
452.0;Албуров Георгий Валентинович;политический и общественный деятель, блогер;yes;Политический деятель, общественный деятель, блогер
453.0;Максакова-Игенбергс Мария Петровна;оперная певица;yes;Певец
454.0;Певчих Мария Константиновна;журналист-расследователь;yes;журналист
455.0;Пастухов Владимир Борисович;политолог, публицист и юрист;yes;Политолог, публицист, юрист
456.0;Агафонова Елена Владимировна;доярка, правозащитница;yes;правозащитник
457.0;«Кризисная группа СК SOS» (North Caucasus SOS Crisis Group);;no;
458.0;Общество с ограниченной ответственностью «ТАЙГА ИНФО»;;no;
459.0;Женское общественно-политическое движение «Мягкая сила»;;no;
460.0;Общественная организация «Санкт-Петербургский Русский ПЕН-клуб»;;no;
461.0;Бортник Егор Михайлович;рок-музыкант, поэт, вокалист и гитарист под псевдонимом «Лёва Би-2»;yes;Музыкант, поэт
462.0;Аллеман Ирина Владимировна;журналист, блогер;yes;журналист, блогер
463.0;Иноземцев Владислав Леонидович;экономист, социолог и политический деятель;yes;Экономист, социолог, общественный деятель
464.0;Чернышов Сергей Андреевич;директор ООО «Новоколледж», учредитель АНО ПО «Новоколледж»;yes;Директор, учредитель
465.0;Архипова Александра Сергеевна;антрополог;yes;Антрополог
466.0;Габуев Александр Тамерланович;востоковед;yes;Востоковед
467.0;Пшеничная Анна Эдуардовна;журналистка;yes;Журналист
468.0;Цуканова Ольга Викторовна;лидер движения «Совет матерей и жён»;yes;Лидер движения
469.0;«Общенародный Союз Возрождения России»;;no;
470.0;«Совет матерей и жён»;;no;
471.0;Гаджиев Магомед Тажудинович;политический и общественный деятель. Депутат Государственной Думы IV, V, VI и VII созывов;yes;Политический деятель, общественный деятель, депутат
472.0;Супер Роман Владимирович;журналист;yes;Журналист
473.0;Орешкин Дмитрий Борисович;политолог;yes;Политолог
474.0;Кузахметов Максим Рафикович;историк;yes;Историк
475.0;Издание «Проект»;;no;
476.0;Общество с ограниченной ответственностью «ЯРНОВОСТИ»;;no;
477.0;Шлосберг Лев Маркович;общественный и политический деятель;yes;Общественный деятель, Политический деятель
478.0;Алексашенко Сергей Владимирович;экономист;yes;Экономист
479.0;Манский Виталий Всеволодович;режиссёр документального кино;yes;Режиссер
480.0;Прокопьева Светлана Владимировна;журналистка;yes;Журналист
481.0;Информационный портал «ВЕСЬМА»;;no;
482.0;Фонд «Свободная Якутия»;;no;
483.0;Парамонова Юлия Борисовна;журналистка проекта «Север.Реалии»;yes;Журналист
484.0;Невзлин Леонид Борисович;предприниматель и общественный деятель;yes;Предприниматель, общественный деятель
485.0;Колмановский Илья Александрович;научный журналист, популяризатор науки;yes;Журналист
486.0;Лобанов Михаил Сергеевич;учёный-математик, общественный деятель;yes;Ученый, общественный деятель
487.0;Боварь Виталий Викторович;оппозиционный политик, экс-замглавы МО Владимирский округ (Санкт-Петербург);yes;Политик
488.0;Латыпов Роберт Рамилевич;общественный деятель, председатель пермского отделения международного общества «Мемориал»;yes;Общественный деятель
489.0;Белик Александр Еленович;юрист, правозащитник, координатор «Движения сознательных отказчиков»;yes;Юрист, правозащитник, координатор
490.0;Ступин Евгений Викторович;оппозиционный политик, депутат Московской городской Думы VII созыва;yes;Политик, депутат
491.0;«Движение сознательных отказчиков»;;no;
492.0;Комьюнити-центр «Действие»;;no;
493.0;Гребенщиков Борис Борисович;поэт, рок-музыкант, композитор, певец, основатель и лидер рок-группы «Аквариум»;yes;Поэт, музыкант, композитор, певец
494.0;Тимонов Михаил Леонидович;оппозиционный политик, депутат Московской городской Думы VII созыва;yes;Политик, депутат
495.0;Морев Андрей Зиновьевич;оппозиционный политик, экс-глава муниципального округа Якиманка (Москва);yes;политик, глава округа
496.0;Гольдшмидт Филипп (Пинхас);бывший главный раввин Москвы;yes;Раввин
497.0;Горпинченко Алексей Вячеславович;журналист;yes;Журналист
498.0;Караулов Андрей Викторович;журналист, телеведущий;yes;Журналист, ведущий
499.0;Автономная некоммерческая общеобразовательная организация «Англо-американская школа Москвы»;;no;
500.0;Сетевое издание Sota.Vision;;no;
501.0;Издание «Бумага»;;no;
502.0;Боровой Константин Натанович;политик, предприниматель;yes;Политик, предприниматель
503.0;Козырев Михаил Натанович;журналист, музыкальный критик, продюсер;yes;Журналист, критик, продюсер
504.0;Суляндзига Павел Васильевич;общественный активист;yes;Активист
505.0;Литвинов Александр Сергеевич;журналист;yes;Журналист
506.0;«Центр Т»;;no;
507.0;Общественная организация «Омское гражданское объединение»;;no;
508.0;Автономная некоммерческая организация содействия улучшению качества жизни людей из групп социального риска «Право каждого»;;no;
509.0;Интернет-журнал и медиаплатформа «7х7 — Горизонтальная Россия»;;no;
510.0;Общество с ограниченной ответственностью «Три «Ч»;;no;
511.0;Общество с ограниченной ответственностью «БИТРЭЙ»;;no;
512.0;Пионтковский Андрей Андреевич;математик, политолог, публицист;yes;математик, политолог, публицист
513.0;Сотникова Татьяна Александровна;писательница под псевдонимом «Анна Берсенева»;yes;Писатель
514.0;Горалик Линор-Джулия (Горалик Юлия Борисовна);писательница, поэтесса, переводчица, автор комикс-стрипов;yes;Писатель, поэт, переводчик
515.0;Кривенко Сергей Владимирович;член правления Международного общества «Мемориал», директор Правозащитной группы «Гражданин. Армия. Право».;yes;Член правления, директор
516.0;Илларионов Андрей Николаевич;экономист и политик, общественный деятель;yes;Экономист, политик, общественный деятель
517.0;Кондакова Саргылана Константиновна;преподаватель, соосновательница фонда «Свободная Якутия»;yes;Преподаватель, сооснователь
518.0;Довданов Владимир Анатольевич;помощник депутата Государственной Думы;yes;Помощник депутата
519.0;Крутихин Михаил Иванович;филолог, журналист, историк, нефтегазовый аналитик;yes;Филолог, журналист, историк, аналитик
520.0;Дымарский Виталий Наумович;публицист, переводчик и педагог, журналист, радио- и телеведущий, колумнист;yes;публицист, переводчик, педагог, журналист, ведущий, колумнист
521.0;Рогов Кирилл Юрьевич;политолог, филолог и журналист;yes;Политолог, филолог, журналист
522.0;Эггерт Константин Петрович;журналист, публицист, обозреватель;yes;журналист, публицист, обозреватель
523.0;Кочесоков Мартин Хусенович;глава черкесской общественной организации «Хабзэ»;yes;Глава организации
524.0;Штефанов Александр Андреевич;историк, видеоблогер;yes;Историк, блогер
525.0;Проект My Russian Rights;;no;
526.0;Интернет-издание «Довод»;;no;
527.0;Муратов Дмитрий Андреевич;журналист, правозащитник;yes;Журналист, правозащитник
528.0;Белый Руслан Викторович;комик, юморист;yes;Комик, юморист
529.0;Радзинский Олег Эдвардович;финансист, писатель, банкир;yes;Финансист, писатель, банкир
530.0;Баршева Оксана Андреевна;журналист под псевдонимом «Ксения Ларина»;yes;Журналист
531.0;Резник Максим Львович;политик;yes;Политик
532.0;Сонин Константин Исаакович;экономист;yes;Экономист
533.0;Карпов Евгений Вячеславович;воронежский активист;yes;Активист
534.0;Катаев Денис Сергеевич;журналист;yes;Журналист
535.0;Вачагаев Майрбек Момуевич;историк, политический деятель;yes;Историк, политический деятель
536.0;Антивоенное этническое движение «Новая Тыва» (New Tuva);;no;
537.0;Котляров Владимир Андреевич;музыкант, вокалист группы «Порнофильмы»;yes;Музыкант, исполнитель
538.0;Митрохин Николай Александрович;социолог, историк-советолог, публицист;yes;Социолог, историк, публицист
539.0;Шакиров Мумин Шакирович;кинорежиссёр и журналист;yes;Режиссер, журналист
540.0;Мальгин Андрей Викторович;журналист, литературовед, литературный критик;yes;журналист, литературовед, литературный критик
541.0;Пелевина Наталья Владиславовна;политический деятель, член федерального политсовета партии ПАРНАС;yes;Политический деятель
542.0;Подольская Ольга Валерьевна;депутат;yes;Депутат
543.0;Белковский Станислав Александрович;политический технолог, публицист и радиоведущий;yes;Технолог, публицист, ведущий
544.0;Фёдоров Юрий Евгеньевич;военный политолог, физик;yes;Политолог, физик
545.0;Седов Кирилл Вадимович;журналист;yes;Журналист
546.0;Шепелин Илья Андреевич;журналист, телеведущий;yes;Журналист, ведущий
547.0;Кочегин Евгений Сергеевич;экс-координатора штаба Алексея Навального в Волгограде;yes;Координатор
548.0;Сидельников Андрей Александрович;лидер российского молодёжного движения «Пора»;yes;Лидер движения
549.0;Малаховская Елена Владимировна;журналистка;yes;Журналист
550.0;Доможиров Евгений Валерьевич;экс-депутат Заксобрания Вологодской области;yes;Депутат
551.0;Рудакова Диана Борисовна;экс-глава тамбовского штаба Навального;yes;Глава штаба
552.0;Рудой Андрей Владимирович;политический деятель, левый блогер;yes;Политический деятель, блогер
553.0;Жуковский Владислав Сергеевич;экономист, биржевой и финансовый аналитик;yes;Экономист, финансовый аналитик
554.0;Муждабаев Айдер Иззетович;заместитель генерального директора первого крымскотатарского телеканала «ATR» и член Союза крымских татар;yes;
555.0;Вотановский Виталий Викторович;краснодарский активист;yes;Активист
556.0;Ковальченко Сергей Владимирович;журналист;yes;Журналист
557.0;Романова Ольга Евгеньевна;журналистка, теле- и радиоведущая;yes;Журналист, ведущий
558.0;Волобуев Игорь Михайлович;бывший вице-президент Газпромбанка;yes;Вице-президент
559.0;Курманакаев Анвар Мусабиевич;активист Ногайского национального политического центра в изгнании;yes;Активист
560.0;Косыгин Илья Евгеньевич;главный редактор издания «Довод»;yes;Главный редактор
561.0;Кунадзе Георгий Фридрихович;экс-замминстра иностранных дел России;yes;Заместитель министра
562.0;Савва Михаил Валентинович;политолог;yes;Политолог
563.0;Общество с ограниченной ответственностью «Новогодний выпуск 2023»;;no;
564.0;Общество с ограниченной ответственностью «ТРАНСМИССИЯ»;;no;
565.0;Качур Кирилл Витальевич;юрист;yes;Юрист
566.0;Губин Дмитрий Павлович;журналист;yes;Журналист
567.0;Еловский Дмитрий Сергеевич;журналист;yes;журналист
568.0;Солдатов Андрей Алексеевич;главный редактор сайта Agentura.ru;yes;Главный редактор
569.0;Снеговая Мария Владиславовна;политолог;yes;Политолог
570.0;Малов Алексей Владимирович;экс-депутат Гдовского районного собрания Псковской области;yes;Депутат
571.0;Колдобский (Шелин) Сергей Григорьевич;журналист;yes;Журналист
572.0;Проект «Гроза»;;no;
573.0;«Кедр.медиа»;;no;
574.0;Общество с ограниченной ответственностью «Команда против пыток»;;no;
575.0;Никандров Марат Игоревич;блогер;yes;Блогер
576.0;Троянова Яна Александровна;актриса;yes;Актер
577.0;Морозов Александр Олегович;политолог;yes;Политолог
578.0;Бер Илья Леонидович;журналист-фактчекер, бывший редактор игры «Кто хочет стать миллионером», основатель проверено.медиа;yes;Журналист
579.0;Свердлин Григорий Сергеевич;правозащитник, основатель проекта «Идите лесом»;yes;правозащитник, основатель проекта
580.0;Интернет-издание «The Moscow Times»;;no;
581.0;Hidemy.network Ltd.;VPN-сервис;yes;
582.0;Давлятчин Илья Владимирович;журналист;yes;Журналист
583.0;Венявкин Илья Геннадьевич;историк;yes;Историк
584.0;Юсупов Идрис Гасан-Гусейнович;журналист;yes;Журналист
585.0;Общество с ограниченной ответственностью «ЛЮДИ»;;no;
586.0;Касьянов Михаил Михайлович;политик, 6-й Председатель Правительства Российской Федерации (2000—2004);yes;Политик, председатель Правительства
587.0;Эйдман Игорь Виленович;социолог;yes;Социолог
588.0;Буракова Анастасия Андреевна;юрист, активистка;yes;Юрист, активист
589.0;Проект «Ковчег»;;no;
590.0;«Телеканал Дождь»;;no;
591.0;Вайсман Анатолий Александрович;актёр;yes;Актер
592.0;Шведов Григорий Сергеевич;правозащитник и журналист;yes;правозащитник, журналист
593.0;Пирогова Хельга Вадимовна;муниципальный депутат Совета депутатов города Новосибирска;yes;Депутат
594.0;Затирко Андрей Викторович;журналист;yes;Журналист
595.0;Соколов Денис Владимирович;старший научный сотрудник;yes;Ученый
596.0;Ратникова Валерия Евгеньевна;журналистка;yes;Журналист
597.0;Дарбинян Саркис Симонович;адвокат, медиаюрист;yes;Адвокат
598.0;Рыклин Александр Юрьевич;журналист;yes;Журналист
599.0;Баунов Александр Германович;журналист;yes;Журналист
600.0;Куваев Олег Игоревич;мультипликатор;yes;Мультипликатор
601.0;Кураев Андрей Вячеславович;религиозный и общественный деятель;yes;Общественный деятель
602.0;Проект «Можем объяснить»;;no;
603.0;Интернет-издание «Вёрстка Медиа»;;no;
604.0;Общество с ограниченной ответственностью «ВОБНИАР»;;no;
605.0;Чхартишвили Григорий Шалвович;писатель под псевдонимом «Борис Акунин»;yes;Писатель
606.0;Минкин Александр Викторович;журналист;yes;журналист
607.0;Соколов Антон Сергеевич;бывший депутат городского собрания Йошкар-Олы;yes;Депутат
608.0;Куршин Андрей Владимирович;администратор Телеграм-канала;yes;Администратор канала
609.0;Интернет-издание «Холод»;;no;
610.0;Юдин Григорий Борисович;социолог;yes;Социолог
611.0;Тагаева Лола Маджидовна;журналистка, главный редактор интернет-издания «Вёрстка»;yes;Журналист, главный редактор
612.0;Чирикова Евгения Сергеевна;политик, экоактивистка;yes;Политик, активист
613.0;Живица Владислав Геннадьевич;экс-депутат Смоленской областной Думы;yes;Депутат
614.0;Олейник Владислав Александрович;блогер;yes;Блогер
615.0;Лекторий «Живое слово»;;no;
616.0;«Комитет ингушской независимости»;;no;
617.0;Трудолюбов Максим Анатольевич;журналист;yes;Журналист
618.0;Потапенко Дмитрий Валерьевич;предприниматель, радиоведущий;yes;Предприниматель, ведущий
619.0;Проект «ВОТ ТАК»;;no;
620.0;Соколов Никита Павлович;кандидат исторических наук, публицист, журналист;yes;Публицист, журналист
621.0;Орлов Олег Петрович;правозащитник, член совета ПЦ «Мемориал»;yes;правозащитник, член совета
622.0;Козловский Станислав Александрович;википедист, учёный-психолог;yes;Психолог
623.0;Картавин Антон Викторович;депутат Совета депутатов Новосибирска VII созыва;yes;Депутат
624.0;Степанов Сергей Николаевич;журналист;yes;Журналист
625.0;Чимаров Михаил Юрьевич;фотограф, ЛГБТ-активист;yes;Фотограф, активист
626.0;Общество с ограниченной ответственностью «ЁЛКИН КАРТОН»;;no;
627.0;Синеокая Юлия Вадимовна;учительница, философ, профессор РАН;yes;Учитель, философ
628.0;Наринская Анна Анатольевна;журналист, литературный критик;yes;журналист, критик
629.0;Кукушкин Никита Андреевич;актёр «Гоголь-центра», основатель благотворительного проекта «Помощь»;yes;Актер
630.0;Тиньков Олег Юрьевич;предприниматель, бывший владелец банка Tinkoff;yes;Предприниматель
631.0;Арцуев Аслан Хамзатович;адвокат, правозащитник;yes;Адвокат, правозащитник
632.0;Улицкая Людмила Евгеньевна;прозаик, переводчица, сценаристка;yes;Прозаик, переводчик, сценарист
633.0;Хржановский Илья Андреевич;кинорежиссёр, сценарист, продюсер;yes;Режиссер, сценарист, продюсер
634.0;Медведев Сергей Юрьевич;экс-депутат Пермской городской думы;yes;Депутат
635.0;Центр защиты прав человека «Мемориал»;;no;
636.0;Благотворительный фонд помощи социально-незащищённым гражданам «Нужна помощь»;;no;
637.0;Беленькая Марианна Борисовна;востоковед-арабист, журналист;yes;Журналист, востоковед
638.0;Липсиц Игорь Владимирович;учёный-экономист, бывший сотрудник НИУ ВШЭ;yes;Экономист
639.0;Каверзина Светлана Викторовна;политик, депутат Совета депутатов Новосибирска VII созыва;yes;Политик, депутат
640.0;Кашинцев Олег Вячеславович;экс-майор полиции;yes;Майор
641.0;Либеров Роман Александрович;режиссёр, сценарист, продюсер;yes;Режиссер, сценарист, продюсер
642.0;Трескунов Семён Алексеевич;актёр;yes;Актер
643.0;Ишутин Кирилл Валерьевич;сооснователь издания «Довод»;yes;Сооснователь
644.0;Некоммерческое партнёрство содействия распространению энциклопедических знаний «Викимедиа РУ»;;no;
645.0;Набутов Кирилл Викторович;спортивный комментатор, телеведущий;yes;Комментатор, ведущий
646.0;Скобов Александр Валерьевич;политик, историк, журналист, правозащитник;yes;Политик, историк, журналист, правозащитник
647.0;Проект «Лаборатория публичной социологии»;;no;
648.0;«Смола» («Smola»);;no;
649.0;Проект «T-invariant»;;no;
650.0;Вишневский Борис Лазаревич;бывший руководитель фракции «Яблоко» в Законодательном собрании Санкт-Петербурга;yes;Руководитель
651.0;Прохоров Вадим Юрьевич;адвокат;yes;Адвокат
652.0;Проект «Первый отдел»;;no;
653.0;Общество с ограниченной ответственностью «БОЛЬШАЯ СЕМЁРКА»;;no;
654.0;Общество с ограниченной ответственностью «ИНСТИТУТ НЕЙРОКОГНИТИВНЫХ ИССЛЕДОВАНИЙ»;;no;
655.0;Веллер Михаил Иосифович;писатель;yes;Писатель
656.0;Татулова Анастасия Анатольевна;предпринимательница, основательница сети семейных кафе «АндерСон»;yes;Предприниматель
657.0;«Российское социалистическое движение» (РСД);оппозиционная левая политическая организация;yes;
658.0;Филиппов Иван Борисович;журналист, писатель;yes;Журналист, писатель
659.0;Барабанов Илья Алексеевич;журналист, специальный корреспондент Русской службы Би-би-си;yes;журналист, корреспондент
660.0;Казанцева Анастасия Андреевна;научный журналист;yes;Журналист
661.0;Кузьмин Николай Александрович;псковский депутат от партии Яблоко;yes;Депутат
662.0;Асташин Иван Игоревич;правозащитник, публицист;yes;правозащитник, публицист
663.0;Общество с ограниченной ответственностью «ИНОАГЕНТ АВК»;;no;
664.0;Общество с ограниченной ответственностью «СЧАСТЛИВЫЙ БИЛЕТ»;;no;
665.0;Андреева Мария Борисовна;активистка движения «Путь домой»;yes;Активист
666.0;Дунцова Екатерина Сергеевна;политик, журналист;yes;Политик, журналист
667.0;Иванов Павел Викторович;муниципальный депутат Басманного района Москвы от КПРФ;yes;Депутат
668.0;Литвинович Марина Алексеевна;политолог, журналист;yes;Политолог, журналист
669.0;Движение «Путь домой»;;no;
670.0;Интернет-проект «SOTA»;;no;
671.0;Проект «Republic»;;no;
672.0;Артемьев Игорь Андреевич;социолог-урбанист, кандидат на выборах в Мосгордуму в 2024 году;yes;Социолог, урбанист
673.0;Комелев Алексей Юрьевич;политтехнолог;yes;Технолог
674.0;Кучер Станислав Александрович;журналист;yes;Журналист
675.0;Поперечный Данила Алексеевич;комик, блогер;yes;Комик, блогер
676.0;Раткин Альберт Викторович;пастор;yes;Пастор
677.0;Антонов Сергей Юрьевич;политтехнолог, бывший кандидат на пост главы Удмуртии;yes;Технолог
678.0;Винатье Лоран Клод Жан-Луи;политолог, сотрудник швейцарской неправительственной организации Центр гуманитарного диалога;yes;Политолог
679.0;Волохонский Владимир Львович;муниципальный депутат Санкт-Петербурга;yes;Депутат
680.0;Качанов Роман Романович;режиссёр, сценарист;yes;Режиссер, сценарист
681.0;Кириллов Никита Никитович;бывший муниципальный депутат Санкт-Петербурга;yes;Депутат
682.0;Прянишников Алексей Александрович;юрист, правозащитник;yes;Юрист, правозащитник
683.0;Курбангалеева Фарида Рашидовна;журналистка, телеведущая, бывшая ведущая программы «Вести» на телеканале «Россия-1»;yes;Журналист, ведущий
684.0;Пахалюк Константин Александрович;политолог, историк;yes;Политолог, историк
685.0;Спирин Дмитрий Александрович;рок-музыкант, бывший вокалист группы «Тараканы!»;yes;Музыкант
686.0;Шаблинский Илья Георгиевич;учёный-правовед, доктор юридических наук;yes;Ученый
687.0;Шуршев Александр Олегович;экс-муниципальный депутат и член партии «Яблоко»;yes;Депутат
688.0;Хейкинен Дарья Дмитриевна;экс-глава петербургского штаба Бориса Надеждина;yes;Глава штаба
689.0;Вайпан Григорий Викторович;юрист;yes;Юрист
690.0;Герасименко Олеся Михайловна;журналистка, бывший специальный корреспондент «Русской службы Би-би-си»;yes;журналист, корреспондент
691.0;Ежов Сергей Александрович;журналист интернет-издания «The Insider»;yes;Журналист
692.0;Трошин Сергей Александрович;муниципальный депутат Санкт-Петербурга;yes;Депутат
693.0;Уткин Фёдор Викторович;бывший муниципальный депутат Санкт-Петербурга;yes;Депутат
694.0;Богданова Дарья Алексеевна;блогер, правнучка советского лётчика Валерия Чкалова;yes;Блогер
695.0;Каруличева Анна Николаевна;экс-муниципальный депутат Санкт-Петербурга;yes;Депутат
696.0;«Русский криминал»;«ВЧК-ОГПУ»,Telegram-каналы;yes;
697.0;Кисин Евгений Игоревич;классический музыкант, пианист-виртуоз;yes;Музыкант, пианист
698.0;Михнов-Вайтенко Григорий Александрович;епископ и предстоятель Апостольской православной церкви;yes;Епископ
699.0;Цибирев Дмитрий Александрович;политический активист;yes;Активист
700.0;Швец Юрий Борисович;блогер, журналист, бывший советский разведчик, американский политический деятель;yes;блогер, журналист
701.0;Матвеев Илья Александрович;политолог, участник проекта «Лаборатория публичной социологии»;yes;Политолог
702.0;«BILD на русском»;немецкая еженедельная иллюстрированная газета-таблоид;yes;
703.0;Давлетгильдеев Ренат Маратович;журналист, ЛГБТ-активист;yes;журналист, активист
704.0;Павлов Андрей Васильевич;предприниматель, основатель сети магазинов обуви Zenden;yes;Предприниматель
705.0;«ЕЖ» / «BRIEF» / «ЕЖ/дневник»;Telegram-канал;yes;
706.0;«ЕЖ главное» / «BRIEF Важное» / «Незыгаревский» / «ЕЖ/главное»;Telegram-канал;yes;
707.0;«НЕЗЫГАРЬ»;анонимный Telegram-канал;yes;
708.0;«Сирена»;Telegram-канал;yes;
709.0;Лукьянова Елена Анатольевна;юрист, адвокат, правозащитник;yes;Юрист, адвокат, правозащитник
710.0;Тимченко Галина Викторовна;журналист, медиаменеджер;yes;
711.0;Автономная некоммерческая организация информационных и правовых услуг «Гражданская инициатива против экологической преступности»;;no;
712.0;«Коалиция Новосибирск 2020»;объединение оппозиционных политиков на выборах в Совет депутатов Новосибирска;yes;
713.0;Канкия Давид Николаевич;координатор движения «Голос» в Краснодарском крае;yes;Координатор движения
714.0;Савельев Александр Валерьевич;журналист издания «Протокол»;yes;Журналист
715.0;Маршенкулова Залина Хамидовна;феминистка, журналистка;yes;Журналист
716.0;Янковский Аркадий Эдуардович;политик, депутат Государственной Думы II созыва;yes;Политик, депутат
717.0;Беляева Нина Александровна;экс-депутат Семилукского райсовета Воронежской области;yes;Депутат
718.0;Дорохов Владимир Юрьевич;заместитель председателя партии «Яблоко»;yes;
719.0;Ежов Михаил Анатольевич;музыкант, видеодизайнер;yes;Музыкант, дизайнер
720.0;Распутин Ярослав Иванович;ЛГБТ-активист, журналист сайта «Парни Плюс»;yes;Активист, журналист
852.0;«Земский съезд»;сообщество независимых депутатов из разных регионов России;yes;
929.0;«Компромат 1»;интернет-проект, публикующий материалы о незаконной деятельности частных лиц и компаний;yes;
866.0;«Москва против мобилизации»;проект, помогающий людям избежать призыва в армию в случае мобилизации;yes;
912.0;«Револьт-Центр»;независимое культурное пространство Сыктыквара;yes;
744.0;Абдурахманов Тумсо Умалтович;чеченский политический и общественный деятель;yes;Политический деятель, общественный деятель
784.0;Абишев Илья Еркенович;корреспондент «Русской службы Би-би-си»;yes;Корреспондент
803.0;Агалакова Жанна Леонидовна;журналистка, бывшая ведущая НТВ и «Первого канала»;yes;Журналист, ведущий
804.0;Адагамов Рустем Ринатович;блогер под псевдонимом «drugoi»;yes;Блогер
805.0;Азар Илья Вильямович;журналист, бывший специальный корреспондент интернет-изданий «Lenta.ru» и «Meduza»;yes;Журналист, корреспондент
813.0;Аксёнов Андрей Николаевич;историк, журналист;yes;историк, журналист
806.0;Александрова-Зорина Елизавета Борисовна;писательница, публицист, блогер, бывший колумнист газеты «Московский комсомолец»;yes;Писатель, публицист, блогер
1016.0;Алесин Денис Владимирович;стендап-комик под псевдонимом «Денис Чужой»;yes;Комик
936.0;Алёхин Роман Юрьевич;военкор, участник вторжения России в Украину, экс-советник губернатора Курской области;yes;Корреспондент
946.0;Амнуэль Григорий Маркович;режиссёр, сценарист, продюсер, общественный деятель;yes;Режиссер, продюсер, сценарист
977.0;Антидискриминационный центр «Мемориал» («Anti-discrimination center Memorial Brussels» (ADC Memorial);;no;
740.0;Архангельский Александр Николаевич;литературовед, публицист;yes;Литературовед, публицист
816.0;Аршба Низфа Дарисмановна;абхазская журналистка;yes;Журналист
798.0;Ауслендер Сергей Дмитриевич;израильский военный журналист;yes;Журналист
748.0;Афанасьева Вера Владимировна;физик, философ, писатель;yes;Физик, ученый, философ, писатель
837.0;Баблоян Ирина Арамовна;журналистка, экс-ведущая радиостанции «Эхо Москвы»;yes;Журналист, ведущий
817.0;Балунов Александр Валентинович;рок-музыкант под псевдонимом «Балу», один из основателей хоррор-панк группы «Король и Шут»;yes;Музыкант
827.0;Барабаш Екатерина Юрьевна;журналистка, кинокритик;yes;Журналист, кинокритик
729.0;Барановский Алексей Александрович;журналист, общественный деятель;yes;Журналист, общественный деятель
777.0;Барбашин Антон Игоревич;политический аналитик;yes;Аналитик
950.0;Барскова Полина Юрьевна;поэтесса, филолог;yes;Поэт, филолог
758.0;Белокиев Ислам Русланович;блогер;yes;Блогер
988.0;Беляева Нина Александровна;экс-депутат Семилукского райсовета Воронежской области;yes;Депутат
763.0;Беляков Данила Валерьевич;журналист;yes;Журналист
875.0;Бобринский Николай Алексеевич;юрист, бывший муниципальный депутат округа Раменки, колумнист «Правмира» и «Meduza»;yes;Юрист, депутат, колумнист
919.0;Бобров Юрий Сергеевич;активист, экс-координатор Пермского штаба Алексея Навального;yes;Активист, координатор штаба
799.0;Бондарев Борис Анатольевич;дипломат, бывший сотрудник МИД России;yes;дипломат
931.0;Бороган Ирина Петровна;журналистка-расследовательница, заместитель главного редактора сайта agentura.ru;yes;Журналист
814.0;Боссарт Алла Борисовна;писательница, поэтесса, журналистка;yes;Писатель, поэт, журналист
822.0;Бровков Артём Андреевич;диджей, музыкант под псевдонимом «Fuze Krec», участник хип-хоп проекта Krec;yes;Диджей, музыкант
791.0;Бусыгина Ирина Марковна;политолог, профессор НИУ ВШЭ;yes;Политолог, профессор
750.0;Ваганов Вадим Александрович;ЛГБТ-активист;yes;Активист
876.0;Ванюков Александр Евгеньевич;кардиохирург;yes;Врач
920.0;Везикко Ирия Валтеровна;активистка;yes;Активист
895.0;Великий Дмитрий Сергеевич;блогер;yes;Блогер
730.0;Волна Андрей Анатольевич;врач-травматолог;yes;врач
937.0;Востриков Иван Алексеевич;активист;yes;Активист
818.0;Вырыпаев Иван Александрович;режиссёр театра и кино, актёр, сценарист;yes;Режиссер, актер, сценарист
877.0;Гарина Анастасия Игоревна;правозащитница, экс-глава московского отделения «Комитета против пыток»;yes;Правозащитник
808.0;Гатов Василий Викторович;журналист и медиаэксперт;yes;Журналист
723.0;Генис Александр Александрович;писатель, радиоведущий;yes;Писатель, ведущий
979.0;Гимранова-Лион Айгуль Ахияровна;руководитель направления культурного развития «Комитета Башкирского национального движения за рубежом»;yes;
925.0;Говорун Сергей Николаевич;православный монах, богослов, патролог, публицист;yes;Монах, богослов, патролог, публицист
792.0;Голубева Анастасия Павловна;журналистка «Русской службы Би-би-си»;yes;Журналист
841.0;Гончаров Василий Владимирович;музыкант под псевдонимом «Вася Обломов»;yes;Музыкант
741.0;Горбачёв Александр Витальевич;музыкальный журналист;yes;Журналист
828.0;Губанов Алексей Александрович;блогер, стример на платформе Twitch под псевдонимом «JesusAVGN»;yes;Блогер, стример
800.0;Гудков Лев Дмитриевич;социолог, преподаватель ВШЭ, ВШЕК при РГГУ, МВШСЭН;yes;Социолог, преподаватель
724.0;Гуляев Сергей Владимирович;журналист, политик, депутат Законодательного собрания Санкт-Петербурга III созыва;yes;Журналист, политик, депутат
903.0;Долиев Михаил Вячеславович;политолог;yes;Политолог
989.0;Дорохов Владимир Юрьевич;заместитель председателя партии «Яблоко»;yes;
913.0;Дугарова Раджана Дашинимаевна;активистка, учёный-антрополог;yes;Активист, ученый, антрополог
883.0;Егорченко Евгений Андреевич;политический блогер, стример на платформе Twitch под псевдонимом «spb17o3»;yes;Блогер, стример
990.0;Ежов Михаил Анатольевич;музыкант, видеодизайнер;yes;Музыкант, дизайнер
889.0;Елизаров Павел Олегович;активист, бывший соратник Бориса Немцова;yes;Активист
970.0;Ениколопов Рубен Сергеевич;экономист, ректор Российской экономической школы (2018—2022), профессор университета Помпеу Фабра в Испании;yes;Экономист, ректор
896.0;Жарков Василий Павлович;историк, экс-декан МВШСЭН;yes;Историк, декан
867.0;Жемкова Елена Борисовна;правозащитница, исполнительный директор общества «Мемориал»;yes;Правозащитник
809.0;Жирнов Сергей Олегович;экс-офицер КГБ СССР, писатель, журналист;yes;Писатель, офицер КГБ, журналист
962.0;Завадская Маргарита Андреевна;политолог, социолог;yes;политолог, социолог
951.0;Загорье Денис Романович;журналист издания The Barents Observer;yes;Журналист
941.0;Захватов Дмитрий Игоревич;адвокат, защищавший феминистскую панк-группу «Pussy Riot»;yes;Адвокат
974.0;Заякин Павел Дмитриевич;священник Эстонской евангелическо-лютеранской церкви;yes;Священник
884.0;Звягин Иван Михайлович;психолог, общественный деятель из Курска;yes;Психолог, общественный деятель
785.0;Зицер Вадим Семёнович;педагог-практик, писатель, журналист под псевдонимом «Дима Зицер»;yes;Педагог, писатель, журналист
963.0;Золотаревский Борис Михайлович;активист;yes;активист
890.0;Зубарева Раиса Дмитриевна;активистка, соосновательница фонда «Свободная Якутия»;yes;Активист, соосновательница фонда
846.0;Зудиева Лутфие Ремзиевна;крымско-татарская журналистка;yes;Журналист
742.0;Зуева Анна Сергеевна;журналистка, блогер;yes;Журналист, блогер
759.0;Ивлева-Йорк Виктория Марковна;журналистка, фотограф;yes;Журналист, фотограф
778.0;Ившина Ольга Яковлевна;журналистка «Би-би-си»;yes;Журналист
831.0;Издание «Гласная»;социальный журналистский проект на русском языке, чьи публикации направлены на преодоление стереотипов и продвижение гендерного равноправия в российском обществе;yes;
731.0;Илюхин Сергей Валерьевич;депутат Городского совета Северодвинска;yes;Депутат
885.0;Иманова Тамилла Вагиф кызы;правозащитница, юрист из «Мемориала»;yes;Правозащитник, юрист
978.0;Интернет-издание «Аспекты Башкортостана»;интернет-издание, которое публикует материалы по различным темам, связанным с жизнью Башкортостана;yes;
902.0;Интернет-портал «Activatica.org»;;no;
1010.0;Интернет-портал «ASTRA»;Telegram-канал;yes;
826.0;Интернет-проект «Объектив»;;no;
886.0;Иордатий Дмитрий Николаевич;рэп-исполнитель под псевдонимами «Наум Блик» и «Dry Ice», сооснователь рэп-группы «EkPlayaz»;yes;Исполнитель
753.0;Исследовательский центр «Сова»;;no;
926.0;Ицхоки Олег Евгеньевич;экономист, профессор Гарвардского университета;yes;Экономист, профессор
735.0;Кавказский Николай Юрьевич;политик, член партии «Яблоко»;yes;Политик
868.0;Калганов Рустам Петрович;блогер под псевдонимом «Рустам Солнцев», бывший участник проекта «Дом-2»;yes;Блогер
942.0;Калитин Андрей Сергеевич;журналист;yes;Журналист
984.0;Канкия Давид Николаевич;координатор движения «Голос» в Краснодарском крае;yes;Координатор движения
832.0;Каретникова Анна Георгиевна;правозащитница;yes;Правозащитник
897.0;Кириллова Ксения Валерьевна;журналистка;yes;Журналист
769.0;Кирия Ксения Дмитриевна;журналистка, телеведущая, сотрудница радиостанции «Голос Америки»;yes;Журналист, ведущий
810.0;Климов Антон Михайлович;экс-муниципальный депутат Ленинградской области;yes;Депутат
779.0;Климов Максим Евгеньевич;экс-глава белгородского штаба Алексея Навального;yes;Глава штаба
887.0;Клыга Артём Александрович;юрист, правозащитник;yes;Правозащитник, юрист
764.0;Ковалёв Алексей Андреевич;журналист;yes;Журналист
770.0;Козенко Андрей Дмитриевич;журналист;yes;Журналист, блогер
869.0;Козловский Олег Юрьевич;правозащитник;yes;Правозащитник
833.0;Козырев Андрей Владимирович;1-й министр иностранных дел Российской Федерации (1990–1996);yes;Министр иностранных дел
847.0;Комин Михаил Олегович;политолог;yes;Политолог
819.0;Комиссаров Станислав Андреевич;уличный художник под псевдонимом «Слава ПТРК»;yes;Художник
732.0;Константинов Даниил Ильич;политик, юрист, правозащитник;yes;Политик, юрист, правозащитник
914.0;Кордочкин Андрей Борисович;протоиерей, клирик Испано-Португальской епархии РПЦ;yes;Протоиерей, клирик
853.0;Королёв Андрей Владимирович;журналист;yes;Журналист
971.0;Костюченко Елена Геннадьевна;журналистка, писательница, ЛГБТ-активистка;yes;Журналист, писатель, активист
972.0;Кривошеев Кирилл Сергеевич;журналист, специалист по постсоветскому пространству, бывший сотрудник издания «Коммерсантъ», автор Фонда Карнеги;yes;Журналист
921.0;Кривцова Олеся Романовна;активистка, бывшая студентка САФУ;yes;Активист
964.0;Крисевич Павел Олегович;общественный деятель, акционист;yes;общественный деятель, акционист
922.0;Кротенко Евгений Андреевич;журналист;yes;Журналист
908.0;Кротов Марк Яковлевич;журналист;yes;Журналист
943.0;Кудрявцев Демьян Борисович;медиаменеджер, предприниматель;yes;Предприниматель
923.0;Кузнецов Борис Аврамович;адвокат, бывший сотрудник уголовного розыска;yes;Адвокат
956.0;Кузьмичёва Ирина Владиславовна;журналистка под псевдонимом «Новик Ирина»;yes;Журналист
801.0;Кунгуров Алексей Анатольевич;журналист, писатель, политтехнолог;yes;Журналист, писатель, технолог
1072.0;Кунгуров Алексей Анатольевич;журналист, писатель, политтехнолог;yes;
909.0;Курмояров Иоанн Валерьевич;экс-иеромонах РПЦ;yes;Иеромонах РПЦ
932.0;Куропов Сергей Викторович;журналист, бывший сотрудник ВГТРК;yes;Журналист
870.0;Кутаев Руслан Махамдиевич;бывший вице-премьер Чеченской Республики Ичкерия (1996—1997), президент «Ассамблеи народов Кавказа»;yes;Вице-премьер
811.0;Левшиц Николай Дмитриевич;автор русскоязычного Telegram-канала о Грузии;yes;Автор канала
736.0;Лекманов Олег Андершанович;литературовед;yes;Литературовед
780.0;Лешкевич Владислав Валерьевич;рэп-исполнитель под псевдонимом «Влади»;yes;Исполнитель
807.0;Лирник Антон Анатольевич;украинский актёр, шоумен, телеведущий;yes;Актер, шоумен, ведущий
975.0;Литвин Антон Викторович;художник, медиа-артист, куратор и общественный деятель, политолог и организатор крупных культурных мероприятий чешско-русской направленности;yes;художник, куратор, общественный деятель, политолог
891.0;Литвишко Дарья Алексеевна;журналистка, соавтор YouTube-канала «Разворот»;yes;Журналист
771.0;Лотарева Анастасия Александровна;экс-главный редактор «Таких дел»;yes;Главный редактор
848.0;Лученко Ксения Валерьевна;журналистка, публицистка, филолог;yes;Журналист, публицист, филолог
829.0;Лушников Алексей Германович;телеведущий, публицист, политический аналитик;yes;Ведущий, публицист, аналитик
765.0;Львов Андрей Генриевич;бывший настоятель храма Серафима Саровского в Иванове;yes;Настоятель храма
755.0;Марголис Екатерина Леонидовна;художник, публицист;yes;Художник, публицист
915.0;Марков Сергей Александрович;политолог, депутат Государственной думы Российской Федерации V созыва, бывший член Общественной палаты РФ, член ПАСЕ (2007—2011), доверенное лицо Владимира Путина в 2012 году;yes;Политолог, депутат
986.0;Маршенкулова Залина Хамидовна;феминистка, журналистка;yes;Журналист
980.0;Масхадов Анзор Асланович;общественный деятель, сын 2-го президента Чеченской Республики Ичкерия Аслана Масхадова;yes;общественный деятель
733.0;Матвейченков Максим Владимирович;журналист, экономический обозреватель под псевдонимом «Максим Блант»;yes;Журналист
737.0;Медведев Артём Павлович;бизнесмен, активист из Удмуртии;yes;Бизнесмен, активист
955.0;Медиа-проект «Острый угол»;независимый общественно-политический YouTube-канал, рассказывающий об истории современной России и её политике;yes;
1038.0;Медиа-проект «Страна и мир. Sakharov Review»;;no;
940.0;Медиапроект «Avtozak-LIVE»;проект, освещавший протесты в России и задержания их участников;yes;
882.0;Медиапроект «Горби медиа»;;no;
1121.0;Международная общественная организация «Независимая ассоциация врачей»;;no;
766.0;Меньшиков Андрей Владимирович;рэп-исполнитель под псевдонимом «Лигалайз»;yes;Исполнитель
904.0;Мовчан Андрей Андреевич;финансист, инвестор;yes;Финансист, инвестор
905.0;Мысина Оксана Анатольевна;актриса, режиссёр, радиоведущая;yes;Актриса, режиссер, радиоведущая
976.0;Налимова Елена Викторовна;журналистка, активистка;yes;Активист, журналист
945.0;Независимая литературная премия «ДАР»;международная премия в области русской литературы, организованная иноагентом Михаилом Шишкиным;yes;
854.0;Некрасов Дмитрий Александрович;экономист, экс-сотрудник Администрации президента России;yes;Экономист
924.0;Несмиян Анатолий Евгеньевич;публицист, блогер под псевдонимом «El Murid»;yes;Публицист
786.0;Новашов Андрей Валерьевич;журналист, автор в журнале «Театр»;yes;Журналист
983.0;Новостной портал «DOXA»;новостной портал, созданный студентами Высшей школы экономики;yes;
916.0;Нюберг Дмитрий Сергеевич;блогер, стример, музыкант;yes;блогер, стример, музыкант
815.0;Обухов Герман Викторович;американский общественный и политический деятель, политический заключённый в СССР;yes;Общественный деятель, политический деятель
851.0;Общественно-политическое движение «Европейский Петербург»;;no;
836.0;Общественно-политическое движение «Удмуртия против коррупции»;;no;
894.0;Общественное движение «Наш выход»;общественное движение по поиску и возвращению домой военных ВС РФ;yes;
776.0;Общество с ограниченной ответственностью «АЛАЯ БУКВА»;;no;
722.0;Общество с ограниченной ответственностью «Собеседник-Медиа»;общероссийская еженедельная общественно-политическая газета;yes;
973.0;Общество с ограниченной ответственностью «ФОРПОСТ»;юридическое лицо, работающее в сфере юридических услуг;yes;
947.0;Овсянникова Марина Владимировна;бывшая тележурналистка «Первого канала», корреспондент немецкого издания «Die Welt»;yes;Журналист, корреспондент
898.0;Ольшевец Фелицата Дмитриевна;журналистка под псевдонимом «Маша Майерс»;yes;Журналист
981.0;Орлова Василина Александровна;поэтесса, публицистка;yes;Поэт, публицист
793.0;Осипова Светлана Витальевна;журналистка Радио «Свобода»;yes;Журналист
756.0;Осмоловский Анатолий Феликсович;художник;yes;Художник
860.0;Охотин Григорий Никитич;исследователь, журналист, один из основателей «ОВД-Инфо»;yes;Исследователь, журналист
794.0;Панюшкин Валерий Валерьевич;журналист, литератор, теле- и радиоведущий, сценарист;yes;Журналист, литератор, ведущий, сценарист
802.0;Парменов Никита Владимирович;журналист;yes;Журналист
871.0;Пивоваров Андрей Сергеевич;политик, экс-политический заключённый;yes;Политик
855.0;Пивоваров Юрий Сергеевич;историк, политолог;yes;Историк, политолог
965.0;Пичугин Александр Владимирович;журналист;yes;журналист
861.0;Поливанова Александра Владимировна;правозащитница;yes;Правозащитник
760.0;Полозов Николай Николаевич;адвокат;yes;Адвокат
757.0;Поночевный Игорь Васильевич;художник под псевдонимом «Алёша Ступин»;yes;Художник
892.0;Поташов Валерий Николаевич;журналист «Новой газеты»;yes;Журналист
781.0;Продайвода Алексей Владимирович;украинский журналист «Настоящего времени», военный корреспондент;yes;Журналист, корреспондент
734.0;Проект «Ateo»;Telegram-канал;yes;
918.0;Проект «Tamizdatproject.org»;проект, помогающий эмигрировавшим по политическим причинам студентам и учёным;yes;
917.0;Проект «Алиф ТВ»;проект, рассказывающий о жизни мусульман в России и странах СНГ;yes;
1018.0;Проект «Говорит НеМосква»;;no;
1068.0;Проект «Зона солидарности»;;no;
1046.0;Проект «Идите лесом»;проект, помогающий уклоняться от мобилизации в России;yes;
1033.0;Проект «Лаборатория университетской прозрачности»;;no;
935.0;Проект «Обманутый Россиянин»;YouTube-проект, рассказывающий о тёмной стороне жизни в России;yes;
783.0;Проект «Поддержка политзаключённых. Мемориал»;;no;
907.0;Проект «Продолжение следует»;интернет-проект, рассказывающий о жизни знаменитых людей и их политических взглядах, основанный иноагентом Павлом Каныгиным;yes;
754.0;Проект «Радио Сахаров»;онлайн-радио и подкаст-платформа команды Сахаровского центра;yes;
960.0;Проект «Сердитая Чувашия»;проект, рассказывающий жителям Чувашской республики о войне в Украине и составляющий список жертв из республики;yes;
1039.0;Проект «Трансперенси Интернешнл-Россия в изгнании»;;no;
961.0;Проект «Усть-Кут24»;проект, рассказывающий актуальные новости Усть-Кута и Иркутской области в целом;yes;
999.0;Проект «Центр «Досье»;;no;
968.0;Проект «Черта»;проект, изучающий темы насилия и неравенства в России;yes;
772.0;Прокопенко Александра Сергеевна;журналистка, эксперт по российской экономической политике;yes;Журналист
944.0;Пронченко Зинаида Сергеевна;кинокритик, киновед, режиссёр, журналистка;yes;Кинокритик, режиссер, журналист
849.0;Пуркин Дмитрий Николаевич;блогер под псевдонимом «Дед Архимед»;yes;Блогер
787.0;Раевский Владимир Евгеньевич;журналист, теле- и радиоведущий, продюсер;yes;Журналист
862.0;Ракша Алексей Игоревич;независимый демограф, экс-советник демографических рассчётов Росстата;yes;Демограф
991.0;Распутин Ярослав Иванович;ЛГБТ-активист, журналист сайта «Парни Плюс»;yes;Активист, журналист
856.0;Рачинский Ян Збигневич;правозащитник, председатель правления общества «Мемориал»;yes;Правозащитник, председатель правления
899.0;Резник Наталья Рэмовна;поэтесса, переводчица с английского языка;yes;Поэт, переводчик
773.0;Ромалийская Ирина Геннадьевна;журналистка телеканала «Настоящее время»;yes;Журналист
957.0;Росебашвили Нино Рамазовна;журналистка, блогер, бывшая сотрудница радиостанции «Эхо Москвы»;yes;Журналист, блогер
893.0;Росов Николай Вячеславович;блогер, стример;yes;Блогер, стример
774.0;Рубин Антон Борисович;журналист, соавтор YouTube-канала «Разворот»;yes;Журналист
910.0;Рудников Игорь Петрович;бывший главный редактор газеты «Новые Колёса» и экс-депутат Калининградской областной думы;yes;Главный редактор, депутат
938.0;Рыковцева Елена Александровна;журналистка Радио «Свобода»;yes;Журналист
985.0;Савельев Александр Валерьевич;журналист издания «Протокол»;yes;Журналист
982.0;Савостьянов Евгений Вадимович;политический деятель, предприниматель;yes;Политический деятель, предприниматель
952.0;Садонин Василий Вячеславович;левый блогер;yes;Блогер
872.0;Секретарёва Наталия Михайловна;юрист из «Мемориала»;yes;Юрист
743.0;Серёгин Алексей Александрович;журналист;yes;Журналист
949.0;Сетевой проект «I NEWS»;;no;
930.0;Сетевой проект «Om TV»;проект, специализирующийся на политических новостях и «острой аналитике»;yes;
906.0;Сивенок Андрей Александрович;блогер, журналист;yes;
857.0;Слабых Игорь Игоревич;юрист, американист;yes;Юрист, американист
842.0;Сливяк Владимир Владимирович;экологический активист, эксперт по атомной энергетике;yes;Активист
843.0;Смагин Никита Анатольевич;журналист, публицист;yes;Журналист, публицист
858.0;Смирнов Александр Александрович;поэт-перформер под псевдонимом «Александр Дельфинов»;yes;Поэт
927.0;Смолин Владимир Александрович;журналист;yes;Журналист
948.0;Солёнова Мария Сергеевна;бывший муниципальный депутат района Сокол от партии «Яблоко», организатор благотворительных проектов;yes;Депутат
878.0;Соломонов Артур Петрович;писатель, драматург, журналист, театральный критик;yes;Писатель, драматург, журналист, критик
911.0;Солонин Марк Семёнович;писатель, публицист, видеоблогер, исторический ревизионист;yes;Писатель, публицист, блогер
752.0;Становая Татьяна Анатольевна;политолог;yes;Политолог
721.0;Степанов Олег Олегович;политик, координатор московского штаба Алексея Навального;yes;Политик
928.0;Степанова Анна Васильевна;активистка;yes;Активист
879.0;Стомахин Борис Владимирович;публицист, получивший самый большой срок по 280-й и 282-й статьям УК РФ;yes;Публицист
788.0;Суворкин Антон Владимирович;эстонский блогер под псевдонимом «Anton S»;yes;Блогер
958.0;Сулейманов Руслан Вахидович;востоковед;yes;Востоковед
844.0;Сусолкин Константин Александрович;журналист под псевдонимом «Константин Березин»;yes;Журналист
859.0;Суханов Алексей Станиславович;украинский журналист (ранее — российский);yes;Журналист
789.0;Сухарев Дмитрий Вадимович;журналист-расследователь;yes;Журналист
834.0;Счастливая Дарья Владимировна;украинская журналистка;yes;Журналист
830.0;Толстой Святослав Георгиевич;рок-музыкант под псевдонимом «Слава Толстой»;yes;Музыкант
933.0;Тополь Эдуард Владимирович;прозаик, кинорежиссёр, сценарист, драматург под псевдонимом «Эдмон Топельберг»;yes;прозаик, кинорежиссёр, сценарист, драматург
749.0;Ториев Магомед Идрисович;журналист, правозащитник;yes;Журналист, правозащитник
900.0;Торстрём Ксения Владимировна;экс-муниципальный депутат округа Семёновский Санкт-Петербурга от партии «Яблоко»;yes;Депутат
746.0;Трещанин Дмитрий Евгеньевич;журналист, редактор «Медиазоны»;yes;Журналист, редактор
888.0;Трикоз Евгений Сергеевич;комик, бывший участник команды КВН «Обычные люди», блогер;yes;Комик, блогер
953.0;Тухватуллин Тимур Артурович;сооснователь правозащитного проекта «Молния»;yes;Сооснователь
966.0;Уваров Алексей Константинович;историк;yes;историк
761.0;Узаров Хасан Ганиевич;блогер под псевдонимом «Хасан Халитов»;yes;Блогер
725.0;Урушадзе Георгий Фридонович;журналист, книгоиздатель;yes;Журналист, издатель
782.0;Федоровых Арина Эдуардовна;журналистка «Настоящего времени»;yes;Журналист
863.0;Фельдман Евгений Олегович;фотограф, фотокорреспондент;yes;Фотограф
726.0;Фельштинский Юрий Георгиевич;историк;yes;Историк
873.0;Фицнер Виолетта Юрьевна;юрист из «Мемориала» и «ОВД-Инфо»;yes;Юрист
969.0;Форум свободной культуры в Европе «СловоНово»;независимый фестиваль современной российской культуры, проводимый в Черногории;yes;
790.0;Фохт-Бабушкина Елизавета Антоновна;продюсер «Русской службы Би-би-си»;yes;Продюсер
738.0;Хардин Антон Александрович;блогер;yes;Блогер
812.0;Хашиг Инал Николаевич;абхазский журналист, политолог и общественный деятель, главный редактор газеты «Чегемская правда»;yes;Журналист, политолог, общественный деятель, главный редактор
880.0;Хмелёв Александр Владимирович;ЛГБТ-активист;yes;Активист
901.0;Храмцов Дмитрий Александрович;блогер, бизнесмен;yes;Блогер, бизнесмен
820.0;Чаниа Изида Терентьевна;абхазская журналистка, главный редактор «Нужной газеты»;yes;Журналист, главный редактор
823.0;Черепанова Ксения Фёдоровна;председатель городского отделения партии «Яблоко» в Великом Новгороде;yes;Председатель отделения партии
864.0;Черкасов Александр Владимирович;журналист, правозащитник, экс-председатель совета правозащитного центра «Мемориал»;yes;Журналист, правозащитник, председатель совета
845.0;Чернышёв Дмитрий Александрович;блогер под псевдонимом «mi3ch»;yes;Блогер
959.0;Чернышевский Дмитрий Викторович;историк, журналист, политический деятель, блогер под псевдонимом «Савромат»;yes;историк, журналист, политический деятель, блогер
967.0;Чижов Георгий Львович;политолог;yes;политолог
838.0;Чистякова Мария Владимировна;блогер под псевдонимом «Мари Говори»;yes;Блогер
954.0;Шевцов Алексей Владиславович;бывший мэр Плёса;yes;Мэр
795.0;Шевченко Анастасия Нукзариевна;журналистка, первый осуждённый по делу об участии в нежелательной организации человек;yes;Журналист
874.0;Шедов Денис Викторович;правозащитник, юрист из «Мемориала»;yes;Правозащитник, юрист
751.0;Шеин Олег Васильевич;общественный и политический деятель, депутат Государственной Думы III, IV, V, VI и VII созывов;yes;Общественный деятель, политический деятель, депутат
796.0;Шейтельман Михаил;политтехнолог, бывший советник Бориса Березовского;yes;Технолог
839.0;Ширяев Вячеслав Эдуардович;предприниматель, продюсер, сценарист, режиссёр, журналист;yes;Предприниматель, продюсер, сценарист, режиссер, журналист
821.0;Шишкин Михаил Павлович;писатель-прозаик;yes;Писатель
824.0;Шмурнов Александр Иванович;спортивный журналист и комментатор;yes;Журналист, комментатор
840.0;Шпак Александр Константинович;фрик-блогер;yes;Блогер
881.0;Шукшин Иван Алексеевич;веб-программист, член движения «Голос»;yes;Программист, член движения
934.0;Шумилова Ирина Вадимовна;левая активистка, феминистка;yes;Активист
825.0;Щербакова Ирина Лазаревна;правозащитница, историк Нового времени, публицистка;yes;Правозащитник, историк, публицист
865.0;Экслер Алексей Борисович;писатель, блогер, кинокритик;yes;Писатель, блогер, кинокритик
835.0;Эппле Николай Владимирович;литературный критик;yes;Критик
939.0;Эрлих Сергей Ефроимович;молдавский историк, публицист;yes;Историк, публицист
727.0;Эткинд Александр Маркович;культуролог, литературовед;yes;Культуролог, литературовед
987.0;Янковский Аркадий Эдуардович;политик, депутат Государственной Думы II созыва;yes;Политик, депутат
